Age,NetWorth,CreditCardDebt,OtherPay,TotalPay,JobTitle,CarPurchaseAmount
42,238961.2505,11609.38091,400184.25,567595.43,GENERAL MANAGER-METROPOLITAN TRANSIT AUTHORITY,35321.45877
41,530973.9078,9572.957136,137811.38,538909.28,CAPTAIN III (POLICE DEPARTMENT),45115.52566
43,638467.1773,11160.35506,16452.6,335279.91,CAPTAIN III (POLICE DEPARTMENT),42925.70921
58,548599.0524,14426.16485,198306.9,332343.61,WIRE ROPE CABLE MAINTENANCE MECHANIC,67422.36313
57,560304.0671,5358.712177,182234.59,326373.19,"DEPUTY CHIEF OF DEPARTMENT,(FIRE DEPARTMENT)",55915.46248
57,428485.3604,14179.47244,189082.74,316285.74,ASSISTANT DEPUTY CHIEF II,56611.99784
47,326373.1812,5958.460188,134426.14,315981.05,"BATTALION CHIEF, (FIRE DEPARTMENT)",28925.70549
50,629312.4041,10985.69656,51322.5,307899.46,DEPUTY DIRECTOR OF INVESTMENTS,47434.98265
47,630059.0274,3440.823799,40132.23,303427.55,"BATTALION CHIEF, (FIRE DEPARTMENT)",48013.6141
43,476643.3544,12884.07868,17115.73,302377.73,"CHIEF OF DEPARTMENT, (FIRE DEPARTMENT)",38189.50601
50,612738.6171,8270.707359,33149.9,299494.17,"ASSISTANT CHIEF OF DEPARTMENT, (FIRE DEPARTMENT)",59045.51309
53,293862.5123,10014.96929,110804.3,297608.92,CAPTAIN III (POLICE DEPARTMENT),42288.81046
44,430907.1673,10218.32092,0.0,294580.02,EXECUTIVE CONTRACT EMPLOYEE,28700.0334
48,420322.0702,9466.995128,21342.59,292671.62,DEPARTMENT HEAD V,49258.87571
55,146344.8965,10597.63814,37424.11,286347.05,"BATTALION CHIEF, (FIRE DEPARTMENT)",49510.03356
53,481433.4324,11326.03434,13957.65,286213.86,"COMMANDER III, (POLICE DEPARTMENT)",53017.26723
45,370356.2223,11495.54999,16115.86,284720.43,DEPARTMENT HEAD V,41814.72067
48,549443.5886,12514.52029,18625.08,278569.21,"CAPTAIN, EMERGENCYCY MEDICAL SERVICES",43901.71244
52,431098.9998,7377.820914,38115.47,276434.22,"BATTALION CHIEF, (FIRE DEPARTMENT)",44633.99241
59,566022.1306,13272.94647,16159.5,274550.25,ASSISTANT MEDICAL EXAMINER,54827.52403
52,480588.2345,11878.03779,16679.79,274190.27,ASSISTANT MEDICAL EXAMINER,51130.95379
48,307226.0977,10905.36628,15883.56,273771.21,ASSISTANT MEDICAL EXAMINER,43402.31525
46,497526.4566,7698.552234,39955.25,273702.71,"CAPTAIN, FIRE SUPPRESSION",47240.86004
47,688466.0503,11960.85377,24083.86,270672.63,"BATTALION CHIEF, (FIRE DEPARTMENT)",46635.49432
40,499086.3442,8125.598993,31909.28,270324.91,"CAPTAIN, FIRE SUPPRESSION",45078.40193
53,429440.3297,17805.57607,11522.18,267992.59,CHIEF OF POLICE,44387.58412
28,315775.3207,13102.15805,133695.76,265784.56,"CAPTAIN, FIRE SUPPRESSION",37161.55393
56,341691.9337,14270.00731,16063.99,265463.46,"BATTALION CHIEF, (FIRE DEPARTMENT)",49091.97185
46,188032.0778,17452.92179,2357.0,264074.6,DEPUTY CHIEF III (POLICE DEPARTMENT),58350.31809
40,583230.976,12522.94052,15140.54,261366.14,"DEPUTY CHIEF OF DEPARTMENT,(FIRE DEPARTMENT)",43994.35972
33,319837.6593,9371.511071,25972.64,260297.66,EXECUTIVE CONTRACT EMPLOYEE,17584.56963
40,486069.073,13417.02027,5899.48,259927.11,DEPUTY CHIEF III (POLICE DEPARTMENT),44650.36073
51,655934.4666,8092.475103,10789.18,259684.88,DEPARTMENT HEAD V,66363.89316
51,487435.964,11417.30952,103499.39,258588.39,"INSPECTOR III, (POLICE DEPARTMENT)",53489.46214
46,215673.5384,7988.753685,20658.0,258364.22,"BATTALION CHIEF, (FIRE DEPARTMENT)",39810.34817
51,612242.7755,12252.73058,16483.94,257540.09,ELECTRONIC MAINTENANCE TECHNICIAN,51612.14311
50,430624.8142,7405.534271,12000.0,257124.44,"ADMINISTRATOR, SFGH MEDICAL CENTER",38978.67458
22,326742.7352,10917.14094,111446.2,253269.44,"INSPECTOR III, (POLICE DEPARTMENT)",10092.22509
51,213040.9606,8838.759509,67083.83,251935.01,LIEUTENANT III (POLICE DEPARTMENT),35928.52404
48,379749.9152,4499.921096,39540.46,251685.16,"BATTALION CHIEF, (FIRE DEPARTMENT)",54823.19221
42,513340.0097,9183.327621,21055.17,250595.39,"BATTALION CHIEF, (FIRE DEPARTMENT)",45805.67186
46,410655.9947,12491.01273,21954.96,250408.49,"BATTALION CHIEF, (FIRE DEPARTMENT)",41567.47033
38,348833.8403,13338.32852,27330.59,250339.35,"DEPUTY CHIEF OF DEPARTMENT,(FIRE DEPARTMENT)",28031.20985
39,299734.1278,10816.8855,15575.26,250317.93,FIREFIGHTER,27815.73813
61,497950.2933,14245.53319,54040.18,250122.04,NURSING SUPERVISOR PSYCHIATRIC,68678.4352
55,853913.8532,10155.34095,0.0,249375.02,MAYOR,68925.09447
42,320228.6451,11675.28496,14401.43,249293.3,"BATTALION CHIEF, (FIRE DEPARTMENT)",34215.7615
51,158979.7102,2230.096344,0.0,248895.77,DEPARTMENT HEAD V,37843.46619
41,390312.1715,7094.896557,14851.04,248718.64,DEPUTY CHIEF III (POLICE DEPARTMENT),37883.24231
40,527420.7269,7915.758178,20848.46,248434.39,"LIEUTENANT, FIRE DEPARTMENT",48734.35708
41,451846.1995,11023.00268,20477.16,247254.61,"BATTALION CHIEF, (FIRE DEPARTMENT)",27187.23914
56,779925.7892,12378.54089,0.0,246305.62,DEPARTMENT HEAD V,63738.39065
46,455609.1429,7813.602657,26203.69,244687.81,"CAPTAIN, FIRE SUPPRESSION",48266.75516
37,583523.0762,11216.88676,28988.36,242742.85,"CAPTAIN, FIRE SUPPRESSION",46381.13111
52,353757.5057,1851.979839,18310.77,241286.42,"CAPTAIN, EMERGENCYCY MEDICAL SERVICES",31978.9799
57,438067.7506,6998.46562,15004.37,241211.17,DEPUTY CHIEF III (POLICE DEPARTMENT),48100.29052
34,468238.7915,7772.444847,114.37,240846.3,DEPARTMENT HEAD V,47380.91224
43,636407.1148,11331.20447,22608.3,240019.1,ASSISTANT DEPUTY CHIEF II,41425.00116
50,409419.5797,7592.019748,19016.4,239426.36,INCIDENT SUPPORT SPECIALIST,38147.81018
42,286062.5162,9976.434857,14972.45,238879.2,ANESTHETIST,32737.80177
42,615765.9289,7829.565502,16113.62,238803.56,"LIEUTENANT, FIRE DEPARTMENT",37348.13737
42,476088.3996,4225.328117,128543.64,238551.88,CAPTAIN III (POLICE DEPARTMENT),47483.85316
55,242495.9886,9842.842611,17542.29,238501.05,"CAPTAIN, EMERGENCYCY MEDICAL SERVICES",49730.53339
53,246321.8916,15189.08845,15444.38,238479.28,"BATTALION CHIEF, (FIRE DEPARTMENT)",40093.61981
53,456634.2073,9046.182396,21889.67,237837.73,LIEUTENANT III (POLICE DEPARTMENT),42297.5062
43,662176.4851,6841.540577,14465.53,237708.83,CAPTAIN III (POLICE DEPARTMENT),52954.93121
55,301026.2206,11785.87919,22785.08,237344.41,"ASSISTANT CHIEF OF DEPARTMENT, (FIRE DEPARTMENT)",48104.11184
43,573054.3808,8634.376791,31070.15,236833.82,"CAPTAIN, FIRE SUPPRESSION",43680.91327
57,662382.6623,10886.91711,113226.92,236200.92,DEPUTY CHIEF III (POLICE DEPARTMENT),52707.96816
52,356553.3996,13685.88702,14776.81,234865.2,INCIDENT SUPPORT SPECIALIST,49392.8897
45,230728.3008,11350.49408,13864.99,234848.11,DISTRICT ATTORNEY,30841.00154
56,411831.0371,5627.803654,135684.25,233944.48,"BATTALION CHIEF, (FIRE DEPARTMENT)",49373.37555
41,481335.3582,10676.21884,18743.9,233464.63,"ELECTRICAL TRANSIT MECHANIC, ASSISTANT SUPERVISOR",41903.65171
48,473845.8546,4630.544424,0.0,233357.28,PORT DIRECTOR,45058.8969
56,355157.6417,13000.41369,50380.44,232702.58,"INSPECTOR III, (POLICE DEPARTMENT)",52991.52667
47,506986.9824,15791.61176,104030.1,232486.72,"INSPECTOR III, (POLICE DEPARTMENT)",50958.08115
53,344916.1768,16732.30638,40258.39,232007.77,"BATTALION CHIEF, (FIRE DEPARTMENT)",41357.17897
57,309113.0627,8740.723093,139279.69,231712.8,"LIEUTENANT, BUREAU OF FIRE PREVENTION AND PUBLIC S",44434.71917
39,278799.6958,10059.55406,28821.55,231652.13,"CAPTAIN, FIRE SUPPRESSION",38502.42392
45,540805.494,861.8166529,27802.89,231592.25,"BATTALION CHIEF, (FIRE DEPARTMENT)",41221.24918
33,441527.0144,6147.918843,58776.96,231306.04,SENIOR PHYSICIAN SPECIALIST,38399.46139
44,523251.2663,9522.576495,18238.75,231104.97,"LIEUTENANT, FIRE DEPARTMENT",41456.68097
40,407401.3776,9724.031647,21055.17,230906.51,"BATTALION CHIEF, (FIRE DEPARTMENT)",30394.82494
40,409293.2658,5449.471997,0.0,230827.12,GENERAL MANAGER-METROPOLITAN TRANSIT AUTHORITY,42384.05128
37,386128.1333,9565.830875,13216.41,230627.21,"CAPTAIN, EMERGENCYCY MEDICAL SERVICES",39002.0771
40,245664.3652,9719.192898,15371.07,230543.46,FIRE FIGHTER PARAMEDIC,19553.2739
44,496856.4912,11024.02643,30180.49,230459.0,"BATTALION CHIEF, (FIRE DEPARTMENT)",45167.32542
43,448601.9484,11041.17891,133563.47,230377.83,MANAGER VII,36019.9556
58,388498.5102,4204.920492,7018.6,230239.98,TRANSIT SUPERVISOR,50937.93844
32,579181.6552,14261.80773,59427.12,230149.28,"INSPECTOR, BUREAU OF FIRE PREVENTION AND PUBLIC SA",12895.71468
50,173079.1798,8244.470226,18764.67,229060.63,"BATTALION CHIEF, (FIRE DEPARTMENT)",38955.21919
59,536665.0464,9871.403591,118456.21,228615.61,CAPTAIN III (POLICE DEPARTMENT),51221.04249
42,259049.2824,13865.09055,27303.11,228513.4,"CAPTAIN, FIRE SUPPRESSION",25971.95673
50,635512.3606,10562.90377,12293.83,228207.86,CAPTAIN III (POLICE DEPARTMENT),60670.33672
53,398746.8458,11794.73914,25434.68,227318.9,"BATTALION CHIEF, (FIRE DEPARTMENT)",54075.12064
47,391848.6041,11030.2654,12000.0,227180.76,MANAGER VIII,40004.87142
46,479586.9387,13872.5667,12615.6,227080.5,ANESTHETIST,61593.52058
43,165866.2,8870.714301,22261.95,226357.33,"BATTALION CHIEF, (FIRE DEPARTMENT)",39503.38829
49,515084.1891,5831.118245,15315.61,224439.97,FIRE FIGHTER PARAMEDIC,52474.71839
43,759479.4596,16767.2636,0.0,224035.85,DEPUTY DIRECTOR II - MUNICIPAL TRANSPORTATION AG,42187.6828
53,706977.053,5189.083564,21502.83,223852.35,"BATTALION CHIEF, (FIRE DEPARTMENT)",57441.44414
36,242292.92,11811.25253,16054.24,223706.4,"LIEUTENANT, FIRE DEPARTMENT",22681.71667
30,404457.3099,7357.787011,18890.96,223360.0,FIREFIGHTER,33640.73697
37,537744.1324,14562.64194,7228.67,222408.25,TRANSIT SUPERVISOR,31540.77868
48,891439.8761,10614.85449,18760.77,222091.0,FIREFIGHTER,60461.24268
44,296972.4085,6280.929547,27043.61,221188.58,FIREFIGHTER,45738.3343
42,450402.2932,12416.84845,36682.96,221049.32,"BATTALION CHIEF, (FIRE DEPARTMENT)",34803.82395
50,386057.421,7335.524826,32080.36,220788.36,NURSING SUPERVISOR,34642.6024
30,323453.2022,10366.50326,32080.36,220788.36,NURSING SUPERVISOR,27586.71854
42,778537.2095,9010.648633,18655.85,220744.85,FIREFIGHTER,54973.02495
46,386287.0208,9656.806156,10921.33,220410.03,ANESTHETIST,49142.51174
55,416540.299,12887.54899,98578.97,220356.48,POLICE OFFICER III,58840.53964
44,562605.0655,1696.989764,237.0,220352.22,DEPUTY DIRECTOR II - MUNICIPAL TRANSPORTATION AG,57306.32866
58,565932.1861,11211.72016,31572.3,220280.3,NURSING SUPERVISOR,51941.6756
42,238529.6336,7903.103591,11893.84,220246.26,TRANSIT SUPERVISOR,30240.60975
57,659279.2011,13258.46631,8383.77,219932.32,SHERIFF'S LIEUTENANT,67120.89878
43,325701.4083,6039.594519,0.0,219804.34,DEPUTY DIRECTOR V,42408.02625
35,244310.5736,12719.64415,28658.16,219712.35,SUPERVISING PHYSICIAN SPECIALIST,41451.71843
43,790526.5507,14250.52398,25995.01,218793.75,"BATTALION CHIEF, (FIRE DEPARTMENT)",42592.88647
35,573052.0119,10008.76797,39029.76,218677.76,NURSING SUPERVISOR,34521.17618
34,411070.4828,8493.098575,25564.1,218206.04,"CAPTAIN, FIRE SUPPRESSION",42213.69644
48,408147.0405,12416.79083,9561.44,217979.35,ANESTHETIST,41913.53713
53,692401.4668,4820.839445,15646.15,217962.02,FIRE FIGHTER PARAMEDIC,59416.18101
47,588570.8903,7248.54142,28921.31,217810.75,NURSING SUPERVISOR,51402.61506
54,586368.9293,7329.22851,2784.61,217572.43,TRANSIT SUPERVISOR,54755.42038
51,407733.5229,2620.079459,4651.44,217342.95,CAPTAIN III (POLICE DEPARTMENT),47143.44008
59,651215.6435,10077.49592,13712.8,217144.0,ANESTHETIST,64391.68906
49,53366.13861,6206.922109,25855.73,216981.27,"BATTALION CHIEF, (FIRE DEPARTMENT)",37252.55194
51,167031.5554,8458.749819,17823.03,216724.17,"CAPTAIN, FIRE SUPPRESSION",52665.36511
40,567357.0264,13860.43821,16054.2,216418.73,"LIEUTENANT, FIRE DEPARTMENT",44001.20706
53,339207.2774,18361.24915,57667.12,216270.8,"LIEUTENANT, BUREAU OF FIRE PREVENTION AND PUBLIC S",51551.67997
45,291360.0291,8088.344365,30952.65,216176.09,"CAPTAIN, FIRE SUPPRESSION",38243.66481
45,271430.0543,12507.19736,0.0,215799.48,DEPARTMENT HEAD IV,39766.64804
37,502946.8819,14871.36126,61531.43,215413.23,LIEUTENANT III (POLICE DEPARTMENT),40077.57289
43,362564.346,9026.061543,20744.06,215396.5,"BATTALION CHIEF, (FIRE DEPARTMENT)",33131.52734
48,701782.528,14720.53399,25491.13,215355.11,"LIEUTENANT, FIRE DEPARTMENT",48622.66097
49,580950.3967,9851.578109,32949.41,215318.2,FORENSIC TOXICOLOGIST,47693.23482
48,401955.501,7583.753853,0.0,215180.75,DEPUTY DIRECTOR V,39410.4616
45,293999.9427,12348.67783,1080.96,214988.68,CONFIDENTIAL CHIEF ATTORNEY II (CIVIL & CRIMINAL),33428.40183
43,510039.1484,6062.60136,1080.96,214988.68,CONFIDENTIAL CHIEF ATTORNEY II (CIVIL & CRIMINAL),32700.27871
62,560593.416,14392.28833,1080.96,214988.68,CONFIDENTIAL CHIEF ATTORNEY II (CIVIL & CRIMINAL),62864.43011
46,174525.8426,6994.617316,17583.73,214955.6,"LIEUTENANT, FIRE DEPARTMENT",29425.83001
51,260269.0963,12860.65824,82029.92,214944.74,SERGEANT III (POLICE DEPARTMENT),44418.60955
44,262959.2506,4397.947571,12306.26,214852.45,FIREFIGHTER,36645.5609
57,316064.0338,6181.970908,8377.03,214815.91,"COMMANDER III, (POLICE DEPARTMENT)",53655.53859
60,254617.2609,15164.87506,20429.43,214185.09,"CAPTAIN, EMERGENCYCY MEDICAL SERVICES",45977.12502
39,510811.3695,12296.34158,31116.8,214156.8,NURSING SUPERVISOR,38504.39444
61,581497.8874,12758.89583,17596.3,213860.61,FIREFIGHTER,47935.9394
50,378357.9385,10799.1381,46665.54,213735.62,SENIOR PHYSICIAN SPECIALIST,60222.22672
37,375889.6381,15796.31838,30619.46,213659.46,NURSING SUPERVISOR,38930.55234
45,85520.85055,13686.96935,18117.8,213537.88,FIREFIGHTER,27810.21814
50,633383.4925,11347.62967,31449.4,212951.48,"BATTALION CHIEF, (FIRE DEPARTMENT)",47604.34591
32,562663.8116,8132.073716,37804.9,212857.66,"BATTALION CHIEF, (FIRE DEPARTMENT)",42356.6895
34,475126.1252,9396.008371,18236.44,212837.73,"CAPTAIN, EMERGENCYCY MEDICAL SERVICES",31300.54347
45,449895.3046,14862.84011,13544.56,212705.52,DEPUTY SHERIFF,42369.64247
50,20000.0,5088.239017,6235.28,212650.2,LIEUTENANT III (POLICE DEPARTMENT),31837.22537
51,216355.3406,5316.010491,86590.93,212179.09,SERGEANT III (POLICE DEPARTMENT),26499.31418
53,191168.4476,6940.056371,11000.84,211710.05,"COMMANDER III, (POLICE DEPARTMENT)",38172.83602
34,543789.7212,7594.363993,12818.24,211596.24,"COMMANDER III, (POLICE DEPARTMENT)",39433.40631
56,363561.1972,10992.33383,0.0,210821.61,DEPUTY DIRECTOR II - MUNICIPAL TRANSPORTATION AG,37714.31659
57,352507.9012,14938.50613,11373.58,210635.36,TRANSIT SUPERVISOR,57125.41541
48,368344.0637,9851.689538,15336.91,210578.32,FIRE FIGHTER PARAMEDIC,46453.34819
40,411045.8332,13122.45694,2903.37,210404.57,MANAGER VIII,43855.06077
50,517480.0937,14421.48298,73334.31,210076.88,SERGEANT III (POLICE DEPARTMENT),55592.70383
47,445745.5544,7146.192574,14753.88,209889.47,FIRE FIGHTER PARAMEDIC,42484.02283
39,399124.4489,8707.511532,16228.64,209805.64,FIREFIGHTER,40879.19107
36,97706.89181,12071.41684,8344.75,209762.44,TRANSIT SUPERVISOR,20653.21409
44,473101.0273,13167.65763,14007.96,209716.56,FIREFIGHTER,35438.80549
47,405550.1689,921.5340234,43997.82,209640.87,NURSE MANAGER,36112.79346
33,315183.5688,13923.96207,33307.68,209386.43,"INSPECTOR III, (POLICE DEPARTMENT)",38182.30465
42,362707.0273,12557.08133,18300.05,209304.53,"LIEUTENANT, FIRE DEPARTMENT",41026.02421
47,255922.473,11505.89906,31413.52,209213.81,SERGEANT III (POLICE DEPARTMENT),27889.95197
40,416817.4673,7917.65097,123649.73,209069.99,"CAPTAIN, FIRE SUPPRESSION",43724.4896
54,278181.8354,7500.778414,17085.77,209044.19,"LIEUTENANT, FIRE DEPARTMENT",57430.76903
38,498441.5687,13962.95284,16089.38,208909.76,ELECTRICAL TRANSIT SYSTEM MECHANIC,41104.07108
40,613706.5421,4701.316175,18879.06,208742.56,"LIEUTENANT, FIRE DEPARTMENT",49050.85378
45,357639.0334,4980.668295,33357.87,208703.72,SENIOR PHYSICIAN SPECIALIST,41265.52929
51,546630.5284,12413.0319,8000.0,208385.64,MANAGER VIII,64545.16339
38,427011.4954,10221.15388,17071.3,208337.48,FIRE FIGHTER PARAMEDIC,29052.09521
34,340663.3261,9837.222432,0.0,208243.12,CITY ATTORNEY,30719.8156
50,211765.2494,8628.434025,11220.57,208208.63,ELECTRICAL TRANSIT SYSTEM MECHANIC,38763.11306
42,415005.3584,11417.46257,20353.22,208022.9,MARINE ENGINEER OF FIRE BOATS,39331.20127
33,478422.7973,6904.420412,0.0,207874.94,MANAGER VIII,32608.45468
56,613242.1668,11431.22966,10941.53,207855.52,ANESTHETIST,58045.56257
57,350157.8394,9810.75269,119351.05,207815.63,"BATTALION CHIEF, (FIRE DEPARTMENT)",54387.27727
37,322905.4592,7171.466112,0.0,207798.79,MANAGER VIII,36638.20688
51,520997.2385,5205.008323,30179.76,207707.76,NURSING SUPERVISOR PSYCHIATRIC,39522.13129
63,251702.1158,9683.735879,46493.65,207703.2,"LIEUTENANT, BUREAU OF FIRE PREVENTION AND PUBLIC S",42978.34626
53,623033.482,5817.153854,0.0,207699.73,DEPARTMENT HEAD IV,60865.76396
51,615672.4681,2418.86434,33362.65,207300.14,SENIOR PHYSICIAN SPECIALIST,46380.44732
48,335652.6234,9181.06743,29377.94,207277.85,SERGEANT III (POLICE DEPARTMENT),56579.90338
41,462613.8587,12026.57975,28694.26,207220.74,NURSING SUPERVISOR PSYCHIATRIC,42774.35579
39,298246.0609,6445.784981,33299.41,207087.03,"INSPECTOR III, (POLICE DEPARTMENT)",37879.65385
45,543313.3454,10027.53449,18963.02,206975.81,"CAPTAIN, FIRE SUPPRESSION",45208.42539
70,346555.1716,12438.85648,32202.61,206800.28,SENIOR PHYSICIAN SPECIALIST,56229.4127
51,474763.4696,9347.50353,16662.29,206769.39,FIREFIGHTER,50455.11935
51,232607.3907,5969.666602,0.0,206752.0,CHIEF ATTORNEY I (CIVIL & CRIMINAL),49721.31082
42,587010.5521,15467.78745,18723.76,206704.63,"CAPTAIN, BUREAU OF FIRE PREVENTION AND PUBLIC SAFE",31696.99679
50,629764.2743,9465.090098,18597.33,206702.36,FIREFIGHTER,49220.0218
40,664431.3966,3657.863218,11712.14,206520.09,ANESTHETIST,46188.83514
44,347017.8331,8920.385015,14971.71,206361.14,FIREFIGHTER,36086.93161
52,322150.3542,7793.073201,28447.45,206342.24,FIREFIGHTER,43264.04965
41,275389.0701,11544.93385,25508.48,205857.89,"CAPTAIN, FIRE SUPPRESSION",40660.38317
57,607395.0183,14817.70896,31660.13,205710.89,NURSE MANAGER,51683.60859
54,152012.353,15353.25774,17637.54,205704.3,FIREFIGHTER,44525.02085
50,490444.4111,11302.88277,0.0,205609.58,MANAGER VIII,48518.90163
37,619707.4203,16305.78907,70568.42,205464.31,SERGEANT III (POLICE DEPARTMENT),45805.30588
52,571564.7901,8491.586154,14410.33,205190.72,FIRE FIGHTER PARAMEDIC,54850.38742
43,491193.3773,8884.11069,30690.37,204865.21,"INSPECTOR III, (POLICE DEPARTMENT)",32478.44758
52,261152.8211,9686.119304,142094.49,204594.63,"BATTALION CHIEF, (FIRE DEPARTMENT)",42209.28948
64,299854.2186,11672.72382,34958.63,204575.09,"BATTALION CHIEF, (FIRE DEPARTMENT)",55125.93237
51,371240.2413,3247.887523,16206.24,204547.86,CAPTAIN III (POLICE DEPARTMENT),47984.42062
55,465709.8937,11207.01556,20392.43,204417.78,"CAPTAIN, FIRE SUPPRESSION",43405.89086
47,196421.7402,10743.793,15962.27,204281.88,FIREFIGHTER,44577.44829
36,396793.4734,12998.47232,10173.43,204242.2,CAPTAIN III (POLICE DEPARTMENT),37744.54285
39,478853.3217,8737.20319,15329.64,204233.91,"LIEUTENANT, FIRE DEPARTMENT",47805.25605
45,279393.491,8728.916803,773.7,203957.66,TRANSIT SUPERVISOR,44846.68557
47,383693.2041,14088.90642,11374.31,203860.34,FIREFIGHTER,46643.26581
47,830430.3692,9832.05731,15551.54,203785.86,FIRE FIGHTER PARAMEDIC,56563.98675
60,112127.2567,10756.60888,0.0,203450.0,MANAGER VIII,41673.44617
59,331460.4727,13444.89631,18491.47,203406.27,NURSING SUPERVISOR,61118.46947
36,335809.6171,20000.0,20458.49,203260.33,FIREFIGHTER,37303.56701
47,509543.0859,12066.26571,30020.72,203107.58,ELECTRICAL TRANSIT SHOP SUPERVISOR I,46892.26617
38,761935.5177,13501.92659,79648.18,203023.05,ASSISTANT DEPUTY CHIEF II,56457.74038
42,620522.3842,10835.25736,97799.84,202866.44,POLICE OFFICER I,45509.69732
33,539365.9366,4295.225339,12252.44,202852.67,CAPTAIN III (POLICE DEPARTMENT),27625.44144
39,565814.725,9624.908869,15443.68,202724.04,FIRE FIGHTER PARAMEDIC,46389.50237
39,74257.82785,9631.974905,16824.25,202723.58,FIREFIGHTER,29002.05665
55,234159.0793,10813.75655,75533.1,202714.92,POLICE OFFICER II,51355.7106
45,358615.9327,13421.36821,18933.1,202433.9,ASSISTANT DEPUTY CHIEF II,42011.19965
51,563498.6636,5011.615145,0.0,202426.74,DEPARTMENT HEAD IV,52654.40455
49,48620.32123,6922.152838,13390.01,202348.81,DEPUTY SHERIFF,44432.71747
46,494985.5363,16127.56619,29333.37,202333.25,FIRE FIGHTER PARAMEDIC,46054.60253
53,545946.9996,9536.899689,15365.21,202326.65,"LIEUTENANT, FIRE DEPARTMENT",58235.41454
39,734443.6969,17462.07506,22564.64,202324.42,"LIEUTENANT, FIRE DEPARTMENT",42990.29255
43,568947.7487,14709.65824,26005.7,202231.49,FIREFIGHTER,50702.18103
70,252220.2937,6810.555606,29240.55,202157.1,NURSING SUPERVISOR,47009.57741
51,513974.6812,4198.839128,14539.0,202013.18,FIRE FIGHTER PARAMEDIC,49399.97041
52,168703.3385,7437.211028,7497.84,201996.62,FIRE FIGHTER PARAMEDIC,42997.16761
45,455589.7973,632.0528524,12252.7,201703.44,CAPTAIN III (POLICE DEPARTMENT),44434.98419
48,492113.0067,8233.280719,12211.62,201621.69,CAPTAIN III (POLICE DEPARTMENT),46325.50959
48,586717.4715,9242.775995,16112.43,201577.7,"CAPTAIN, FIRE SUPPRESSION",46846.7305
48,333543.693,9653.26498,5506.27,201351.14,LIEUTENANT III (POLICE DEPARTMENT),56499.10202
57,466988.2602,9399.342975,18304.0,201344.0,NURSING SUPERVISOR PSYCHIATRIC,42773.75905
46,418764.5061,7903.33495,71120.05,201277.12,POLICE OFFICER III,52313.98392
44,249182.7848,10461.98276,23901.42,201244.92,NURSING SUPERVISOR,34139.6373
65,284991.7415,5025.365518,39271.71,201117.78,"LIEUTENANT, BUREAU OF FIRE PREVENTION AND PUBLIC S",60763.24731
57,720423.8157,4684.556433,29584.32,200820.35,NURSE MANAGER,66158.69494
47,124979.0501,5699.184814,4749.91,200811.21,CAPTAIN III (POLICE DEPARTMENT),31215.6421
36,632600.4718,9823.218967,6407.34,200675.13,FIRE FIGHTER PARAMEDIC,46135.27233
57,623487.5952,10474.44187,0.0,200515.38,DEPARTMENT HEAD IV,56973.18105
33,133226.0617,12024.48457,11051.55,200487.74,ANESTHETIST,24184.07443
43,610942.1408,7039.540023,12119.4,200461.01,CAPTAIN III (POLICE DEPARTMENT),49079.61942
46,316906.6441,18693.14652,12119.37,200460.97,CAPTAIN III (POLICE DEPARTMENT),37093.92033
45,308445.8598,15436.79968,17713.43,200374.81,FIREFIGHTER,43401.56612
43,152883.3519,7631.687821,29110.14,200346.16,NURSE MANAGER,29092.1311
38,573441.9724,5614.004976,31139.57,200336.73,SENIOR PHYSICIAN SPECIALIST,48349.16457
40,134188.4492,6887.248301,10799.25,200275.43,CAPTAIN III (POLICE DEPARTMENT),33261.00057
43,426488.7459,6130.305181,72242.52,200185.96,SERGEANT I (POLICE DEPARTMENT),41327.16554
42,575500.7687,12024.72511,26432.87,200176.68,"CAPTAIN, FIRE SUPPRESSION",49336.11628
51,286849.7875,13658.34201,18050.61,199931.13,"CAPTAIN, FIRE SUPPRESSION",51405.55229
38,479685.9824,5827.820346,11547.94,199862.48,CAPTAIN III (POLICE DEPARTMENT),31249.98803
41,336867.7147,14822.79645,0.0,199765.74,SPECIAL ASSISTANT XXII,43598.96993
54,613372.8917,10128.76114,72362.09,199761.97,POLICE OFFICER III,48300.02057
45,589669.6573,7787.204492,15366.99,199753.78,DEPUTY DIRECTOR IV,54013.47595
41,202710.1294,13580.87747,27521.88,199719.88,NURSING SUPERVISOR,38674.66038
40,515305.4841,9046.18109,47839.37,199628.97,WIRE ROPE CABLE MAINTENANCE SUPERVISOR,37076.82508
32,572037.8859,11398.82486,11909.38,199540.06,"LIEUTENANT, FIRE DEPARTMENT",37947.85125
54,229070.5491,11212.43791,16693.53,199498.3,"LIEUTENANT, FIRE DEPARTMENT",41320.07256
55,779143.6005,9644.41026,26017.99,199471.29,SENIOR PHYSICIAN SPECIALIST,66888.93694
35,211168.6293,8570.611562,17540.56,199292.97,FIREFIGHTER,12536.93842
46,438491.876,5055.43571,40829.52,199207.84,POLICE OFFICER III,39549.13039
45,521404.2386,11315.59626,17180.05,199127.59,FIREFIGHTER,52709.08196
50,811594.0392,8501.49728,2713.83,199028.18,TRANSIT SUPERVISOR,53502.97742
54,552454.0263,9822.426192,10542.72,198884.32,CAPTAIN III (POLICE DEPARTMENT),52116.90791
29,613104.784,6354.833826,19217.48,198777.47,FIREFIGHTER,38705.65839
56,202576.6196,14300.12614,7308.25,198618.21,ELECTRICAL TRANSIT SYSTEM MECHANIC,48025.02542
54,397700.1404,6913.05683,10125.04,198466.64,CAPTAIN III (POLICE DEPARTMENT),59483.91183
33,505897.3041,8907.661779,69787.98,198462.14,"INSPECTOR, BUREAU OF FIRE PREVENTION AND PUBLIC SA",35911.64559
48,210573.7042,8774.069514,21611.32,198276.48,FIREFIGHTER,41034.28343
49,581620.4824,12848.20061,14860.06,198246.93,FIRE FIGHTER PARAMEDIC,51730.17434
55,481513.5074,8732.143355,7933.55,198164.45,FIRE FIGHTER PARAMEDIC,53021.86074
42,371355.6935,6932.950306,0.0,198027.44,PUBLIC DEFENDER,32828.03477
41,136346.3069,5841.612044,7386.3,198005.73,"LIEUTENANT, FIRE DEPARTMENT",29417.64694
53,679435.1745,11498.03993,6646.21,197873.86,CAPTAIN III (POLICE DEPARTMENT),57461.51158
53,793986.6155,4975.144559,13162.31,197827.17,LIEUTENANT III (POLICE DEPARTMENT),50441.62427
44,353929.5495,3932.838165,3312.11,197810.67,TRANSIT SUPERVISOR,41575.34739
42,630411.2698,6619.929677,12000.0,197724.5,DEPUTY DIRECTOR V,46412.47781
41,491904.1899,3066.939924,19031.08,197453.13,"LIEUTENANT, FIRE DEPARTMENT",47610.11718
48,819002.1748,13701.79986,22315.92,197434.07,"INSPECTOR III, (POLICE DEPARTMENT)",70878.29664
63,626163.832,640.045378,27451.83,197423.01,"INSPECTOR III, (POLICE DEPARTMENT)",55543.38497
59,239217.6732,7949.463649,7105.58,197349.04,NURSING SUPERVISOR,53848.7555
45,221290.9818,9691.23462,4891.0,197270.6,SUPERVISING PHYSICIAN SPECIALIST,39904.81613
47,222341.0342,6988.652757,0.0,197233.84,SHERIFF,44736.41097
49,266765.477,13851.11162,22759.89,197133.46,FIREFIGHTER,46937.17422
40,159727.8753,12186.02793,14017.12,197132.12,FIREFIGHTER,28440.81268
41,392177.789,3331.304747,917.32,196892.64,CAPTAIN III (POLICE DEPARTMENT),38148.00163
47,587858.6295,10881.90102,18210.2,196888.39,NURSE MANAGER,42747.53925
27,606851.1696,10888.93494,0.0,196886.55,CHIEF ATTORNEY I (CIVIL & CRIMINAL),29670.83337
46,684273.5913,7525.252104,0.0,196886.55,CHIEF ATTORNEY I (CIVIL & CRIMINAL),63038.20422
51,577272.6805,1065.607589,17569.48,196682.95,FIREFIGHTER,63248.76188
43,225670.1288,10877.69223,26499.88,196605.5,FIREFIGHTER,42321.56548
32,625484.0917,8253.583457,68766.28,196546.18,POLICE OFFICER III,44463.30502
63,474485.6659,10515.28135,819.03,196494.14,CAPTAIN III (POLICE DEPARTMENT),67092.23276
35,275762.4836,7234.672092,35429.68,196473.68,NURSE MANAGER,22091.11839
50,579220.0393,6052.844775,11408.55,196386.65,ELECTRONIC MAINTENANCE TECHNICIAN,40022.17406
51,472761.6208,8632.699007,0.0,196377.99,HUMAN RESOURCES DIRECTOR,56071.61377
54,556014.9704,9246.813159,17837.79,196224.25,FIREFIGHTER,49442.12107
37,315058.7167,12710.00309,60183.94,196157.3,POLICE OFFICER III,42497.72862
44,149761.1281,11033.16277,22721.82,196125.6,"LIEUTENANT, FIRE DEPARTMENT",37084.77621
57,497876.2478,5235.7599,14718.05,196122.03,ELECTRICAL TRANSIT SYSTEM MECHANIC,51866.48719
47,364858.7148,14309.21115,14738.61,196114.24,"LIEUTENANT, FIRE DEPARTMENT",35716.31133
52,579059.3132,11492.74174,27291.01,195983.66,"BATTALION CHIEF, (FIRE DEPARTMENT)",39892.93343
52,69821.6376,11932.73881,11124.0,195929.62,SUPERVISING PHYSICIAN SPECIALIST,35781.16156
48,244188.0008,7880.423663,23479.99,195868.21,"CAPTAIN, FIRE SUPPRESSION",42866.21274
55,1000000.0,9874.075327,10000.0,195724.5,DEPUTY DIRECTOR V,80000.0
47,765711.6025,11132.39299,408.0,195664.1,DEPUTY DIRECTOR II - MUNICIPAL TRANSPORTATION AG,60526.97788
45,493592.1764,9317.22195,17411.01,195654.59,FIREFIGHTER,59758.73247
40,305253.2658,6718.857016,17542.28,195638.78,"CAPTAIN, FIRE SUPPRESSION",39606.24598
47,787984.2882,8767.783547,7310.63,195625.13,CAPTAIN III (POLICE DEPARTMENT),58641.71051
45,427287.6277,11148.10325,16278.33,195511.9,FIREFIGHTER,52983.89411
49,521815.7353,7404.080751,5213.4,195499.6,ANESTHETIST,50666.88173
60,622324.7499,12788.81573,7436.03,195499.01,TRANSIT SUPERVISOR,59625.02618
34,290711.867,9344.32377,16406.95,195472.16,FIREFIGHTER,22630.25982
36,516738.1724,7666.5303,23341.17,195423.52,"LIEUTENANT, FIRE DEPARTMENT",41137.89459
51,542777.4892,11554.2723,19832.9,195370.16,FIREFIGHTER,53496.48183
42,398011.5804,10394.57246,43704.98,195354.68,SERGEANT III (POLICE DEPARTMENT),36543.93642
48,642335.1021,11312.51035,13913.92,195290.76,"BATTALION CHIEF, (FIRE DEPARTMENT)",43503.97349
35,719846.9824,8828.164449,24038.9,195274.9,NURSE MANAGER,31146.71078
44,374777.6929,9245.466786,13194.76,195232.37,"LIEUTENANT, FIRE DEPARTMENT",31526.04931
48,160487.0006,7514.393035,17839.48,195222.68,FIREFIGHTER,31083.70271
47,356213.0776,8511.814921,0.0,195121.53,DEPUTY DIRECTOR V,45366.35963
31,615720.0425,10755.50842,33361.56,195060.85,"INVESTIGATOR, BUREAU OF FIRE INVESTIGATION",25252.93221
45,414034.6096,9050.284083,0.0,194980.11,ASSISTANT CHIEF ATTORNEY II,39888.59789
49,521061.1115,11633.95265,0.0,194980.1,ASSISTANT CHIEF ATTORNEY II,52240.72866
61,59630.07789,12254.53943,0.0,194980.09,ASSISTANT CHIEF ATTORNEY II,39911.6116
51,169714.2655,6354.372629,8609.1,194883.35,"CAPTAIN, EMERGENCYCY MEDICAL SERVICES",45857.75365
35,385250.7163,8851.564939,2484.0,194863.6,SUPERVISING PHYSICIAN SPECIALIST,30826.10903
53,454791.7251,8527.034281,38477.41,194820.53,SERGEANT III (POLICE DEPARTMENT),39422.79389
42,188327.5831,11397.68601,36872.29,194770.9,"LIEUTENANT, BUREAU OF FIRE PREVENTION AND PUBLIC S",34678.83226
39,322891.7787,5397.031602,23043.77,194725.53,"LIEUTENANT, FIRE DEPARTMENT",23517.91983
38,375654.1472,4679.441732,49657.86,194519.25,SERGEANT III (POLICE DEPARTMENT),28733.68779
41,515717.7476,5404.397644,16994.89,194302.87,FIREFIGHTER,59096.26978
44,555993.1081,7765.975483,13932.0,194288.1,SUPERVISING PHYSICIAN SPECIALIST,50188.86612
43,411932.8191,14435.74305,33033.7,194253.99,"CAPTAIN, FIRE SUPPRESSION",35659.12237
39,854283.5574,7557.657205,17938.07,194184.89,FIREFIGHTER,46398.35204
33,537572.1338,8203.56263,13566.18,194179.01,DEPUTY DIRECTOR IV,32291.18978
47,685541.6501,7946.435929,14216.14,194076.53,DEPUTY DIRECTOR III,49079.29461
45,608019.6308,3730.11972,4586.65,194059.55,CAPTAIN III (POLICE DEPARTMENT),49348.88394
51,192514.6431,13224.45167,16158.29,193930.24,FIREFIGHTER,41427.59797
42,320834.0102,15283.41752,4567.0,193917.0,SUPERVISING PHYSICIAN SPECIALIST,24221.99937
55,228434.0508,6515.336778,18028.73,193914.69,LIEUTENANT III (POLICE DEPARTMENT),44424.07681
62,401916.0981,9560.448204,21086.11,193902.78,PHARMACIST,60390.06616
52,475263.2759,11521.6189,64972.13,193846.11,POLICE OFFICER III,42793.9932
51,187821.0958,12124.82386,64687.4,193835.9,NURSING SUPERVISOR,46935.72774
63,408679.8596,8765.624109,16725.49,193835.4,FIREFIGHTER,58667.06865
46,388898.069,15647.35449,19907.17,193667.19,FIREFIGHTER,38042.80065
47,377424.6157,9625.399586,16879.59,193638.43,FIREFIGHTER,39270.57909
58,236420.9695,11054.27478,16199.59,193609.52,FIRE FIGHTER PARAMEDIC,54606.18769
37,366327.7432,9384.067625,15365.22,193341.05,"LIEUTENANT, FIRE DEPARTMENT",39083.94268
51,253181.9789,10359.17579,34724.71,193328.33,"LIEUTENANT, BUREAU OF FIRE PREVENTION AND PUBLIC S",47984.12043
36,551344.3365,10274.13558,10250.24,193290.24,NURSING SUPERVISOR,46082.80993
32,549212.4268,10693.88704,65955.32,193266.71,POLICE OFFICER III,30964.07804
32,589180.4485,11518.29175,28384.07,193095.07,NURSE MANAGER,35726.95299
43,600685.1915,15458.68867,11849.25,193051.61,DEPUTY SHERIFF,49065.1634
51,27888.74525,9596.513091,18041.28,192980.98,FIREFIGHTER,48955.85816
43,432447.5324,7275.314728,4609.75,192951.37,CAPTAIN III (POLICE DEPARTMENT),37183.10293
58,137601.844,9514.645028,4586.67,192928.31,CAPTAIN III (POLICE DEPARTMENT),46710.52519
49,480468.247,9848.997857,4586.66,192928.28,CAPTAIN III (POLICE DEPARTMENT),52889.56257
43,62149.94034,10128.1151,4586.63,192928.23,CAPTAIN III (POLICE DEPARTMENT),29754.66271
48,387538.2487,13148.85597,4586.42,192914.5,CAPTAIN III (POLICE DEPARTMENT),60960.83428
40,508962.4874,2799.719601,3936.6,192906.75,CAPTAIN III (POLICE DEPARTMENT),39975.43302
35,360457.0496,12664.32052,75792.63,192779.22,LIEUTENANT III (POLICE DEPARTMENT),38545.80328
43,712233.8241,9366.027561,760.4,192767.89,DEPUTY DIRECTOR IV,56764.44728
57,657178.4135,13851.92122,3961.68,192705.15,TRANSIT OPERATIONS SPECIALIST,63079.84329
47,856287.1522,2689.317953,116244.66,192668.86,"CAPTAIN, FIRE SUPPRESSION",55700.83389
32,528087.5277,8511.835275,841.15,192664.75,"COMMANDER III, (POLICE DEPARTMENT)",36367.18452
44,749016.565,16146.77016,31574.4,192585.8,"INSPECTOR III, (POLICE DEPARTMENT)",52477.83479
50,290608.3977,11894.4244,17982.25,192526.52,"LIEUTENANT, FIRE DEPARTMENT",50296.67496
44,558001.0241,4421.153379,21761.55,192422.17,FIREFIGHTER,37259.84386
57,173272.8954,7009.186038,0.0,192379.6,SUPERVISING PHYSICIAN SPECIALIST,47715.96049
35,457116.1945,9221.265417,0.0,192379.6,SUPERVISING PHYSICIAN SPECIALIST,29540.87013
53,545125.9592,7925.059589,0.0,192379.6,SUPERVISING PHYSICIAN SPECIALIST,60567.18837
41,447393.4883,10342.60917,0.0,192379.6,SUPERVISING PHYSICIAN SPECIALIST,36125.48846
44,674190.6949,6139.387823,15277.88,192207.13,FIRE FIGHTER PARAMEDIC,57303.87131
63,255285.4063,9611.317626,0.0,192183.91,DEPUTY DIRECTOR IV,51922.07691
50,128387.9293,10340.30041,7859.19,192141.17,ELECTRICAL TRANSIT SYSTEM MECHANIC,35848.82935
42,321431.279,7094.827,8255.82,192105.55,"LIEUTENANT, FIRE DEPARTMENT",42704.3221
41,627086.6563,11620.1079,15824.19,192092.12,FIREFIGHTER,55174.98946
40,281690.8431,7840.293189,101385.37,192058.28,INCIDENT SUPPORT SPECIALIST,26599.90843
40,762832.2606,3854.733177,0.0,192022.73,DEPARTMENT HEAD III,53993.44322
56,595028.8431,11652.2729,17740.91,191770.38,"CAPTAIN, FIRE SUPPRESSION",47970.76767
48,466128.9118,10175.74457,11868.5,191613.24,FIREFIGHTER,43641.65727
41,416748.7309,11715.3714,3337.83,191556.21,DEPUTY DIRECTOR IV,41679.7929
61,660897.0146,11211.99502,17980.94,191528.64,NURSE MANAGER,63140.05082
35,291897.4057,9913.194941,10000.0,191522.51,MANAGER VIII,30757.65726
55,724025.4097,3093.707686,1954.26,191404.96,CAPTAIN III (POLICE DEPARTMENT),65592.22012
37,388284.2974,10462.35581,72405.76,191348.03,POLICE OFFICER III,37871.7082
48,343290.677,12967.284,0.0,191319.45,"CHIEF PROBATION OFFICER, JUVENILE COURT",42919.5196
32,129635.6343,8133.45931,0.0,191287.06,SUPERVISING PHYSICIAN SPECIALIST,22599.45863
62,805075.5197,8001.644302,64004.25,191105.66,SERGEANT I (POLICE DEPARTMENT),70598.96768
49,298920.0067,11863.06428,6941.82,191042.16,LIEUTENANT III (POLICE DEPARTMENT),43242.58224
43,344060.1754,8033.550461,49075.6,190838.9,SERGEANT III (POLICE DEPARTMENT),38138.57511
36,141587.6498,10188.68685,17685.42,190808.93,FIREFIGHTER,30419.8
61,684209.551,17870.63765,0.0,190739.36,DEPARTMENT HEAD III,63868.94051
46,456524.7944,6332.2019,17998.95,190641.93,FIREFIGHTER,45112.94547
57,201228.0206,17142.41332,26596.23,190631.73,NURSE MANAGER,44361.87507
36,283241.2769,4981.269146,0.0,190617.54,DEPUTY DIRECTOR IV,19525.29827
49,266531.2969,5575.323416,702.0,190430.71,SUPERVISING PHYSICIAN SPECIALIST,49991.60697
63,365862.7818,8061.968487,53807.81,190303.51,SERGEANT III (POLICE DEPARTMENT),61731.71426
49,151946.3089,10916.85532,32355.58,190271.04,LIEUTENANT III (POLICE DEPARTMENT),41769.38288
44,472403.1231,12087.38116,0.0,190248.76,DEPARTMENT HEAD III,46402.53583
43,376886.359,12878.54582,0.0,190108.91,DEPUTY DIRECTOR IV,37376.63439
48,116407.5289,16449.0665,22238.32,190069.01,FIREFIGHTER,33766.6413
37,271414.7592,15666.43155,37551.97,189993.34,"CAPTAIN, EMERGENCYCY MEDICAL SERVICES",30667.60927
49,237185.1714,12616.45622,0.0,189931.7,ASSISTANT CHIEF ATTORNEY II,52056.41478
40,630120.001,1768.874438,14442.42,189930.72,SHERIFF'S SERGEANT,30736.5798
42,355175.3677,10449.61818,27479.77,189760.77,NURSE MANAGER,39439.45349
30,552267.6361,1726.809885,20541.0,189715.74,FIREFIGHTER,38174.87433
43,205006.2161,11602.74297,17904.06,189666.22,"INSPECTOR III, (POLICE DEPARTMENT)",40589.8625
55,762601.0836,7122.163863,25965.05,189609.05,NURSING SUPERVISOR,62028.71192
40,482866.5457,9258.181529,29403.44,189600.43,"BATTALION CHIEF, (FIRE DEPARTMENT)",48465.27211
38,297964.2638,7515.152476,15365.22,189586.23,"LIEUTENANT, FIRE DEPARTMENT",40095.0498
43,267555.1178,13786.14942,16784.8,189571.44,"INVESTIGATOR, BUREAU OF FIRE INVESTIGATION",49568.47685
37,461366.7829,9057.600508,17542.3,189543.23,"CAPTAIN, EMERGENCYCY MEDICAL SERVICES",31408.62631
41,365871.4992,7221.667169,915.59,189257.22,CAPTAIN III (POLICE DEPARTMENT),47719.47741
42,394229.8972,8009.719809,17998.64,189234.73,NURSE MANAGER,35784.42411
38,357468.1866,6512.71102,6962.09,189214.47,ELECTRICAL TRANSIT SYSTEM MECHANIC,42905.53815
43,790116.4252,10827.1614,17963.61,189199.62,NURSE MANAGER,48516.84335
44,601744.9607,8042.386734,3140.95,189162.01,DEPUTY DIRECTOR V,45593.6849
41,258194.8443,10836.41709,0.0,189061.08,MANAGER VIII,32061.6467
46,392003.2864,7843.402994,16445.1,189041.09,"CAPTAIN, FIRE SUPPRESSION",32208.37522
46,205439.3663,8282.075073,7409.15,189040.11,FIREFIGHTER,35475.00344
40,228388.5491,6588.606462,20149.41,188999.2,ASSISTANT INSPECTOR (POLICE DEPARTMENT),29519.56184
45,508555.1592,9064.618618,0.0,188842.42,DEPUTY DIRECTOR IV,55420.56668
58,421318.9764,8211.34092,15549.0,188750.29,"LIEUTENANT, FIRE DEPARTMENT",42139.64528
62,622569.5959,5761.401538,55339.68,188679.16,"INSPECTOR III, (POLICE DEPARTMENT)",50539.90169
52,217188.4056,3923.407178,25885.4,188663.65,LIEUTENANT III (POLICE DEPARTMENT),34922.42846
44,320525.7282,8542.019129,56746.05,188594.67,DIAGNOSTIC IMAGING TECH II,43898.2733
44,265717.2542,6885.723977,0.0,188592.6,SUPERVISING PHYSICIAN SPECIALIST,39135.03023
40,601210.2803,19692.91262,53970.93,188530.21,DIAGNOSTIC IMAGING TECH III,41147.46679
33,284155.4155,13141.31969,27437.04,188481.04,NURSE MANAGER,24134.59205
44,487564.5541,7135.98755,27377.5,188421.5,NURSE MANAGER,42705.11311
42,297540.8814,13629.1104,12096.0,188410.14,SENIOR PHYSICIAN SPECIALIST,38901.60925
20,494606.6334,100.0,15277.83,188403.66,FIRE FIGHTER PARAMEDIC,28645.39425
53,245216.1691,6392.211408,17123.68,188359.77,NURSE MANAGER,52150.41786
56,622831.922,14438.24233,14966.3,188347.96,FIRE FIGHTER PARAMEDIC,66648.25077
44,478428.7174,9911.037592,15277.8,188332.54,FIRE FIGHTER PARAMEDIC,42909.27129
52,314885.1345,10279.91264,0.0,188288.1,CHIEF ADULT PROBATION OFFICER,49248.10595
43,201636.866,6478.156506,17743.1,188063.88,FIREFIGHTER,27303.17104
49,419556.6198,3912.385616,21993.31,188059.39,MANAGER VI,47869.82593
56,621309.5863,3942.76762,24979.59,188043.56,"BATTALION CHIEF, (FIRE DEPARTMENT)",59984.16361
47,507572.635,4658.41454,0.0,187982.18,NURSING SUPERVISOR,45271.46081
25,158758.3577,11380.09288,0.0,187976.14,DEPUTY DIRECTOR V,9000.0
45,505048.7599,7761.848528,1803.48,187861.7,TRANSIT SUPERVISOR,46012.10616
46,169475.9968,8276.644566,0.0,187855.73,DEPARTMENT HEAD III,32967.20191
33,485563.7363,10814.57915,18749.8,187762.1,"LIEUTENANT, FIRE DEPARTMENT",48785.15839
43,400703.2655,9119.791422,17246.59,187670.81,"LIEUTENANT, FIRE DEPARTMENT",45824.5656
48,577058.1773,12203.48778,57585.87,187669.37,FIRE SAFETY INSPECTOR II,40102.11417
48,399437.5235,2524.992105,14943.44,187654.11,ELECTRONIC MAINTENANCE TECHNICIAN,35457.1486
40,508528.9957,9725.549901,16643.23,187597.72,"LIEUTENANT, FIRE DEPARTMENT",29556.7932
39,516817.3173,12035.37079,9648.25,187589.72,FIRE FIGHTER PARAMEDIC,38243.06228
39,556945.8742,10263.14899,85231.49,187473.5,MANAGER VIII,44430.63323
54,177878.1758,8110.946984,8216.57,187457.76,MAINTENANCE MACHINIST,51046.42226
53,567842.1267,9592.433147,38960.95,187456.7,SERGEANT III (POLICE DEPARTMENT),52570.36517
51,285326.3544,9877.169366,53855.93,187358.6,SERGEANT III (POLICE DEPARTMENT),61404.22578
55,218808.7553,10858.02526,31931.61,187207.82,SENIOR PHYSICIAN SPECIALIST,28463.64326
35,312927.9187,8837.654857,41259.22,187106.29,"CAPTAIN, FIRE SUPPRESSION",27586.20078
43,515012.2804,8120.204455,44767.25,187015.75,SENIOR PHYSICIAN SPECIALIST,47979.48549
37,517110.9454,5933.177726,20947.8,186937.89,SERGEANT III (POLICE DEPARTMENT),28164.86039
60,544291.9504,9072.063059,5336.6,186867.71,TRANSIT SUPERVISOR,69669.47402
44,579640.7982,7839.414396,15557.27,186811.92,LIEUTENANT III (POLICE DEPARTMENT),48052.65091
39,341330.7344,4931.56016,54237.25,186766.52,FIRE SAFETY INSPECTOR II,37364.23474
42,649323.7878,15149.03426,17981.88,186692.89,FIREFIGHTER,44500.81936
32,301245.7708,11164.52652,16067.38,186646.72,"INSPECTOR III, (POLICE DEPARTMENT)",35139.24793
52,557098.9636,6769.181833,24346.72,186630.88,ASSISTANT INSPECTOR III (POLICE DEPARTMENT),55167.37361
56,432850.4157,4362.720324,64937.87,186611.31,POLICE OFFICER III,48383.69071
41,340720.5185,12989.36784,0.0,186541.05,DEPUTY DIRECTOR I - MUNICIPAL TRANSPORTATION AGE,35823.55471
51,266939.1746,6596.01369,17542.29,186538.47,MARINE ENGINEER OF FIRE BOATS,36517.70996
58,421891.846,11561.07365,10481.51,186531.55,SENIOR PHYSICIAN SPECIALIST,53110.88052
51,531840.3342,9141.668545,5219.84,186512.8,TRANSIT SUPERVISOR,53049.44567
29,276466.6203,10769.75059,29954.29,186495.83,SERGEANT III (POLICE DEPARTMENT),21471.11367
53,247421.9185,14297.25366,17702.71,186491.82,FIREFIGHTER,45015.67953
43,620355.2658,10373.00856,18026.19,186443.4,"INSPECTOR III, (POLICE DEPARTMENT)",55377.87697
62,360787.6401,16978.52745,22045.83,186410.29,"INSPECTOR III, (POLICE DEPARTMENT)",56510.13294
60,571245.3714,8769.290288,15058.44,186376.89,"LIEUTENANT, FIRE DEPARTMENT",47443.74443
37,522814.817,8611.468093,27311.59,186369.96,"INSPECTOR III, (POLICE DEPARTMENT)",41489.64123
43,347177.8367,893.2353408,102724.32,186368.85,"CAPTAIN, FIRE SUPPRESSION",32553.53423
42,497197.264,594.8049491,0.0,186341.79,"DIRECTOR, EMPLOYEE RELATIONS DIVISION",41984.62412
55,664862.0102,6924.106833,17342.94,186297.21,FIREFIGHTER,59538.40327
46,316128.4002,10711.44472,3183.09,186231.74,LIEUTENANT III (POLICE DEPARTMENT),41352.47071
50,294506.0844,10072.48298,15147.84,186191.94,NURSE MANAGER,52785.16947
55,523680.7699,9831.184792,26013.27,186105.02,"CAPTAIN, FIRE SUPPRESSION",60117.67886
43,349588.5608,13308.87932,17958.55,186075.92,FIREFIGHTER,47760.66427
52,665099.139,6736.75168,15863.95,186049.41,"LIEUTENANT, FIRE DEPARTMENT",64188.26862
41,541670.1016,6995.902524,837.79,185951.55,TRANSIT SUPERVISOR,48901.44342
38,360419.0988,12301.45679,23865.0,185760.92,"LIEUTENANT, FIRE DEPARTMENT",31491.41457
54,764531.3203,10611.60686,0.0,185724.5,DEPUTY DIRECTOR V,64147.28888
59,337826.6382,14013.03451,0.0,185724.5,MANAGER VIII,45442.15353
47,462946.4924,9391.341628,0.0,185724.5,DEPUTY DIRECTOR V,45107.22566
