JobTitle,country,gender,age,BasePay,OvertimePay,OtherPay,TotalPay,TotalPayBenefits,credit card debt,net worth,car purchase amount
FIRE FIGHTER PARAMEDIC,Sao Tome and Principe,0,36,122404.99,71862.8,6407.34,200675.13,200675.13,9823.218967,632600.4718,46135.27233
ASSISTANT INSPECTOR (POLICE DEPARTMENT),Christmas Island,1,40,123169.95,45679.84,20149.41,188999.2,188999.2,6588.606462,228388.5491,29519.56184
ASSISTANT MEDICAL EXAMINER,Iraq,0,59,257510.59,880.16,16159.5,274550.25,274550.25,13272.94647,566022.1306,54827.52403
TRANSIT SUPERVISOR,Serbia,0,60,86410.84,101652.14,7436.03,195499.01,195499.01,12788.81573,622324.7499,59625.02618
"INVESTIGATOR, BUREAU OF FIRE INVESTIGATION",Tokelau,0,31,126857.54,34841.75,33361.56,195060.85,195060.85,10755.50842,615720.0425,25252.93221
DEPARTMENT HEAD V,Egypt,1,34,240731.93,0.0,114.37,240846.3,240846.3,7772.444847,468238.7915,47380.91224
FIREFIGHTER,Liechtenstein,0,43,108947.02,61158.6,26499.88,196605.5,196605.5,10877.69223,225670.1288,42321.56548
ASSISTANT DEPUTY CHIEF II,Greece,0,45,183500.8,0.0,18933.1,202433.9,202433.9,13421.36821,358615.9327,42011.19965
DEPUTY DIRECTOR V,Bouvet Island,1,47,195121.53,0.0,0.0,195121.53,195121.53,8511.814921,356213.0776,45366.35963
DEPARTMENT HEAD IV,Qatar,0,45,215799.48,0.0,0.0,215799.48,215799.48,12507.19736,271430.0543,39766.64804
DEPUTY DIRECTOR V,Falkland Islands,1,48,215180.75,0.0,0.0,215180.75,215180.75,7583.753853,401955.501,39410.4616
"INVESTIGATOR, BUREAU OF FIRE INVESTIGATION",Congo (Brazzaville),0,43,126857.59,45929.05,16784.8,189571.44,189571.44,13786.14942,267555.1178,49568.47685
ASSISTANT CHIEF ATTORNEY II,Saint Kitts and Nevis,0,61,194980.09,0.0,0.0,194980.09,194980.09,12254.53943,59630.07789,39911.6116
CHIEF OF POLICE,Oman,0,53,256470.41,0.0,11522.18,267992.59,267992.59,17805.57607,429440.3297,44387.58412
SERGEANT III (POLICE DEPARTMENT),Papua New Guinea,0,53,130481.51,18014.24,38960.95,187456.7,187456.7,9592.433147,567842.1267,52570.36517
FIRE FIGHTER PARAMEDIC,Solomon Islands,0,55,122404.98,67825.92,7933.55,198164.45,198164.45,8732.143355,481513.5074,53021.86074
NURSE MANAGER,Saint Barthélemy,0,57,171236.03,0.0,29584.32,200820.35,200820.35,4684.556433,720423.8157,66158.69494
FIRE FIGHTER PARAMEDIC,Bermuda,0,51,122404.99,65069.19,14539.0,202013.18,202013.18,4198.839128,513974.6812,49399.97041
SUPERVISING PHYSICIAN SPECIALIST,Japan,0,35,191054.19,0.0,28658.16,219712.35,219712.35,12719.64415,244310.5736,41451.71843
"DEPUTY CHIEF OF DEPARTMENT,(FIRE DEPARTMENT)",Georgia,0,38,218930.76,4078.0,27330.59,250339.35,250339.35,13338.32852,348833.8403,28031.20985
NURSING SUPERVISOR,Venezuela,1,59,184914.8,0.0,18491.47,203406.27,203406.27,13444.89631,331460.4727,61118.46947
SENIOR PHYSICIAN SPECIALIST,Åland Islands,1,45,175345.85,0.0,33357.87,208703.72,208703.72,4980.668295,357639.0334,41265.52929
FIREFIGHTER,Mauritius,0,45,105934.66,73298.91,16278.33,195511.9,195511.9,11148.10325,427287.6277,52983.89411
"CAPTAIN, EMERGENCYCY MEDICAL SERVICES",Peru,0,34,140546.88,54054.41,18236.44,212837.73,212837.73,9396.008371,475126.1252,31300.54347
DEPUTY SHERIFF,United Arab Emirates,0,49,86840.0,102118.8,13390.01,202348.81,202348.81,6922.152838,48620.32123,44432.71747
FIREFIGHTER,Marshall Islands,0,39,105934.64,79964.69,16824.25,202723.58,202723.58,9631.974905,74257.82785,29002.05665
NURSE MANAGER,Jersey,0,42,161661.6,619.4,27479.77,189760.77,189760.77,10449.61818,355175.3677,39439.45349
NURSE MANAGER,Heard Island and Mcdonald Islands,0,57,165996.75,8054.01,31660.13,205710.89,205710.89,14817.70896,607395.0183,51683.60859
ANESTHETIST,Liberia,0,59,192170.93,11260.27,13712.8,217144.0,217144.0,10077.49592,651215.6435,64391.68906
"LIEUTENANT, FIRE DEPARTMENT",Austria,1,44,137709.85,44327.76,13194.76,195232.37,195232.37,9245.466786,374777.6929,31526.04931
DEPUTY CHIEF III (POLICE DEPARTMENT),Botswana,1,40,254027.63,0.0,5899.48,259927.11,259927.11,13417.02027,486069.073,44650.36073
NURSING SUPERVISOR,Solomon Islands,0,58,188708.0,0.0,31572.3,220280.3,220280.3,11211.72016,565932.1861,51941.6756
TRANSIT SUPERVISOR,Guadeloupe,0,60,90108.62,91422.49,5336.6,186867.71,186867.71,9072.063059,544291.9504,69669.47402
POLICE OFFICER III,Saint Barthélemy,0,46,112401.06,45977.26,40829.52,199207.84,199207.84,5055.43571,438491.876,39549.13039
CONFIDENTIAL CHIEF ATTORNEY II (CIVIL & CRIMINAL),San Marino,0,62,213907.72,0.0,1080.96,214988.68,214988.68,14392.28833,560593.416,62864.43011
ASSISTANT DEPUTY CHIEF II,Slovenia,1,43,217410.8,0.0,22608.3,240019.1,240019.1,11331.20447,636407.1148,41425.00116
"INSPECTOR III, (POLICE DEPARTMENT)",Guyana,0,39,130457.96,43329.66,33299.41,207087.03,207087.03,6445.784981,298246.0609,37879.65385
"CAPTAIN, FIRE SUPPRESSION",Macedonia,0,40,140546.86,97868.77,31909.28,270324.91,270324.91,8125.598993,499086.3442,45078.40193
"CAPTAIN, EMERGENCYCY MEDICAL SERVICES",Portugal,1,48,140546.87,119397.26,18625.08,278569.21,278569.21,12514.52029,549443.5886,43901.71244
NURSING SUPERVISOR,Pakistan,0,41,172198.0,0.0,27521.88,199719.88,199719.88,13580.87747,202710.1294,38674.66038
"ASSISTANT CHIEF OF DEPARTMENT, (FIRE DEPARTMENT)",Germany,0,55,177914.76,36644.57,22785.08,237344.41,237344.41,11785.87919,301026.2206,48104.11184
"INSPECTOR III, (POLICE DEPARTMENT)",Liechtenstein,0,43,130466.56,43708.28,30690.37,204865.21,204865.21,8884.11069,491193.3773,32478.44758
SENIOR PHYSICIAN SPECIALIST,Jamaica,0,58,176050.04,0.0,10481.51,186531.55,186531.55,11561.07365,421891.846,53110.88052
"BATTALION CHIEF, (FIRE DEPARTMENT)",Senegal,1,53,168692.62,33191.6,25434.68,227318.9,227318.9,11794.73914,398746.8458,54075.12064
CAPTAIN III (POLICE DEPARTMENT),Christmas Island,1,46,188341.6,0.0,12119.37,200460.97,200460.97,18693.14652,316906.6441,37093.92033
WIRE ROPE CABLE MAINTENANCE SUPERVISOR,French Polynesia,1,40,85624.87,66164.73,47839.37,199628.97,199628.97,9046.18109,515305.4841,37076.82508
"BATTALION CHIEF, (FIRE DEPARTMENT)",Madagascar,1,47,168692.63,77896.14,24083.86,270672.63,270672.63,11960.85377,688466.0503,46635.49432
ELECTRICAL TRANSIT SHOP SUPERVISOR I,Yemen,0,47,111770.0,61316.86,30020.72,203107.58,203107.58,12066.26571,509543.0859,46892.26617
CAPTAIN III (POLICE DEPARTMENT),Italy,0,38,188314.54,0.0,11547.94,199862.48,199862.48,5827.820346,479685.9824,31249.98803
NURSE MANAGER,Mauritania,1,42,171236.09,0.0,17998.64,189234.73,189234.73,8009.719809,394229.8972,35784.42411
ASSISTANT DEPUTY CHIEF II,Liberia,1,57,118602.0,8601.0,189082.74,316285.74,316285.74,14179.47244,428485.3604,56611.99784
DEPUTY DIRECTOR V,Nepal,1,43,219804.34,0.0,0.0,219804.34,219804.34,6039.594519,325701.4083,42408.02625
MAYOR,Timor-Leste,0,55,249375.02,0.0,0.0,249375.02,249375.02,10155.34095,853913.8532,68925.09447
DEPARTMENT HEAD V,Tokelau,0,45,268604.57,0.0,16115.86,284720.43,284720.43,11495.54999,370356.2223,41814.72067
MANAGER VIII,Solomon Islands,0,39,102242.01,0.0,85231.49,187473.5,187473.5,10263.14899,556945.8742,44430.63323
FIREFIGHTER,Saint Martin,1,47,105934.68,70824.16,16879.59,193638.43,193638.43,9625.399586,377424.6157,39270.57909
WIRE ROPE CABLE MAINTENANCE MECHANIC,Cook Islands,1,58,77916.0,56120.71,198306.9,332343.61,332343.61,14426.16485,548599.0524,67422.36313
FIRE FIGHTER PARAMEDIC,China,0,47,122405.0,65829.32,15551.54,203785.86,203785.86,9832.05731,830430.3692,56563.98675
FIREFIGHTER,"Virgin Islands, British",0,46,105934.64,66708.34,17998.95,190641.93,190641.93,6332.2019,456524.7944,45112.94547
"LIEUTENANT, FIRE DEPARTMENT",Paraguay,1,42,123105.0,99584.94,16113.62,238803.56,238803.56,7829.565502,615765.9289,37348.13737
ANESTHETIST,Saint Lucia,1,46,206057.69,3431.01,10921.33,220410.03,220410.03,9656.806156,386287.0208,49142.51174
"CAPTAIN, FIRE SUPPRESSION",Martinique,1,40,140546.88,37549.62,17542.28,195638.78,195638.78,6718.857016,305253.2658,39606.24598
NURSE MANAGER,Chile,0,43,171236.01,0.0,17963.61,189199.62,189199.62,10827.1614,790116.4252,48516.84335
"DEPUTY CHIEF OF DEPARTMENT,(FIRE DEPARTMENT)",Dominican Republic,1,40,246225.6,0.0,15140.54,261366.14,261366.14,12522.94052,583230.976,43994.35972
LIEUTENANT III (POLICE DEPARTMENT),New Caledonia,0,52,149050.77,13727.48,25885.4,188663.65,188663.65,3923.407178,217188.4056,34922.42846
LIEUTENANT III (POLICE DEPARTMENT),New Zealand,0,44,149050.76,22203.89,15557.27,186811.92,186811.92,7839.414396,579640.7982,48052.65091
"CAPTAIN, FIRE SUPPRESSION",Colombia,0,28,92080.8,40008.0,133695.76,265784.56,265784.56,13102.15805,315775.3207,37161.55393
DEPUTY DIRECTOR OF INVESTMENTS,Czech Republic,1,50,256576.96,0.0,51322.5,307899.46,307899.46,10985.69656,629312.4041,47434.98265
DEPUTY DIRECTOR V,Norfolk Island,0,25,187976.14,0.0,0.0,187976.14,187976.14,11380.09288,158758.3577,9000.0
NURSING SUPERVISOR,Saudi Arabia,1,30,188708.0,0.0,32080.36,220788.36,220788.36,10366.50326,323453.2022,27586.71854
"INSPECTOR III, (POLICE DEPARTMENT)",Turkey,1,22,110661.2,31162.04,111446.2,253269.44,253269.44,10917.14094,326742.7352,10092.22509
"COMMANDER III, (POLICE DEPARTMENT)",Curaçao,0,53,182134.81,18574.4,11000.84,211710.05,211710.05,6940.056371,191168.4476,38172.83602
FIREFIGHTER,Gambia,0,55,105934.64,63019.63,17342.94,186297.21,186297.21,6924.106833,664862.0102,59538.40327
"BATTALION CHIEF, (FIRE DEPARTMENT)",Israel,0,43,150432.85,42365.89,25995.01,218793.75,218793.75,14250.52398,790526.5507,42592.88647
TRANSIT SUPERVISOR,Andorra,1,42,88400.7,119951.72,11893.84,220246.26,220246.26,7903.103591,238529.6336,30240.60975
"LIEUTENANT, FIRE DEPARTMENT",Sierra Leone,0,40,133769.86,56093.64,18879.06,208742.56,208742.56,4701.316175,613706.5421,49050.85378
DEPUTY DIRECTOR IV,Lithuania,0,43,192007.49,0.0,760.4,192767.89,192767.89,9366.027561,712233.8241,56764.44728
MARINE ENGINEER OF FIRE BOATS,Algeria,0,42,140546.85,47122.83,20353.22,208022.9,208022.9,11417.46257,415005.3584,39331.20127
"COMMANDER III, (POLICE DEPARTMENT)",Wallis and Futuna,0,57,206438.88,0.0,8377.03,214815.91,214815.91,6181.970908,316064.0338,53655.53859
CAPTAIN III (POLICE DEPARTMENT),Dominican Republic,0,43,188341.6,0.0,4586.63,192928.23,192928.23,10128.1151,62149.94034,29754.66271
DEPARTMENT HEAD III,Anguilla,1,40,192022.73,0.0,0.0,192022.73,192022.73,3854.733177,762832.2606,53993.44322
FIREFIGHTER,Cocos (Keeling) Islands,0,51,105934.66,84172.44,16662.29,206769.39,206769.39,9347.50353,474763.4696,50455.11935
DEPARTMENT HEAD III,Faroe Islands,0,61,190739.36,0.0,0.0,190739.36,190739.36,17870.63765,684209.551,63868.94051
FIREFIGHTER,South Africa,1,29,105934.66,73625.33,19217.48,198777.47,198777.47,6354.833826,613104.784,38705.65839
TRANSIT SUPERVISOR,Northern Mariana Islands,1,45,88199.6,97858.62,1803.48,187861.7,187861.7,7761.848528,505048.7599,46012.10616
"LIEUTENANT, FIRE DEPARTMENT",Kiribati,1,46,123105.0,74266.87,17583.73,214955.6,214955.6,6994.617316,174525.8426,29425.83001
FIREFIGHTER,Afghanistan,0,51,105934.64,69005.06,18041.28,192980.98,192980.98,9596.513091,27888.74525,48955.85816
"CAPTAIN, FIRE SUPPRESSION",Kyrgyzstan,1,43,139167.39,66596.28,31070.15,236833.82,236833.82,8634.376791,573054.3808,43680.91327
"BATTALION CHIEF, (FIRE DEPARTMENT)",Guernsey,0,64,149362.85,20253.61,34958.63,204575.09,204575.09,11672.72382,299854.2186,55125.93237
NURSE MANAGER,Greece,0,47,161044.0,4599.05,43997.82,209640.87,209640.87,921.5340234,405550.1689,36112.79346
FIREFIGHTER,Wallis and Futuna,0,43,105934.64,62182.73,17958.55,186075.92,186075.92,13308.87932,349588.5608,47760.66427
"CAPTAIN, FIRE SUPPRESSION",Saint Vincent and The Grenadines,1,47,76424.2,0.0,116244.66,192668.86,192668.86,2689.317953,856287.1522,55700.83389
SERGEANT I (POLICE DEPARTMENT),"Korea, South",1,62,123169.39,3932.02,64004.25,191105.66,191105.66,8001.644302,805075.5197,70598.96768
FIREFIGHTER,Samoa,1,45,105934.65,76012.89,17180.05,199127.59,199127.59,11315.59626,521404.2386,52709.08196
FIREFIGHTER,San Marino,1,42,105934.67,96154.33,18655.85,220744.85,220744.85,9010.648633,778537.2095,54973.02495
CAPTAIN III (POLICE DEPARTMENT),Cape Verde,1,47,196061.3,0.0,4749.91,200811.21,200811.21,5699.184814,124979.0501,31215.6421
"CAPTAIN, EMERGENCYCY MEDICAL SERVICES",Tunisia,0,60,140546.63,53209.03,20429.43,214185.09,214185.09,15164.87506,254617.2609,45977.12502
"CAPTAIN, FIRE SUPPRESSION",Cameroon,1,42,149362.84,51847.45,27303.11,228513.4,228513.4,13865.09055,259049.2824,25971.95673
"BATTALION CHIEF, (FIRE DEPARTMENT)",Timor-Leste,0,32,173842.63,1210.13,37804.9,212857.66,212857.66,8132.073716,562663.8116,42356.6895
CAPTAIN III (POLICE DEPARTMENT),Isle of Man,1,58,188341.64,0.0,4586.67,192928.31,192928.31,9514.645028,137601.844,46710.52519
"CAPTAIN, FIRE SUPPRESSION",Greenland,1,35,140563.98,5283.09,41259.22,187106.29,187106.29,8837.654857,312927.9187,27586.20078
GENERAL MANAGER-METROPOLITAN TRANSIT AUTHORITY,Anguilla,0,40,230827.12,0.0,0.0,230827.12,230827.12,5449.471997,409293.2658,42384.05128
NURSING SUPERVISOR,Marshall Islands,0,44,177343.5,0.0,23901.42,201244.92,201244.92,10461.98276,249182.7848,34139.6373
FIREFIGHTER,Jersey,1,39,105934.67,87642.33,16228.64,209805.64,209805.64,8707.511532,399124.4489,40879.19107
SERGEANT III (POLICE DEPARTMENT),Kenya,0,50,130457.96,6284.61,73334.31,210076.88,210076.88,14421.48298,517480.0937,55592.70383
ANESTHETIST,Saint Barthélemy,1,40,190352.67,4455.28,11712.14,206520.09,206520.09,3657.863218,664431.3966,46188.83514
POLICE OFFICER II,Saint Barthélemy,1,55,110242.81,16939.01,75533.1,202714.92,202714.92,10813.75655,234159.0793,51355.7106
"INSPECTOR III, (POLICE DEPARTMENT)",Kiribati,1,56,130457.88,51864.26,50380.44,232702.58,232702.58,13000.41369,355157.6417,52991.52667
MARINE ENGINEER OF FIRE BOATS,Turkmenistan,1,51,140546.87,28449.31,17542.29,186538.47,186538.47,6596.01369,266939.1746,36517.70996
FIRE FIGHTER PARAMEDIC,Senegal,0,58,122404.97,55004.96,16199.59,193609.52,193609.52,11054.27478,236420.9695,54606.18769
DEPARTMENT HEAD IV,Benin,0,57,200515.38,0.0,0.0,200515.38,200515.38,10474.44187,623487.5952,56973.18105
NURSING SUPERVISOR,Christmas Island,0,35,179648.0,0.0,39029.76,218677.76,218677.76,10008.76797,573052.0119,34521.17618
ELECTRICAL TRANSIT SYSTEM MECHANIC,India,1,57,78949.19,102454.79,14718.05,196122.03,196122.03,5235.7599,497876.2478,51866.48719
CHIEF ATTORNEY I (CIVIL & CRIMINAL),Åland Islands,1,46,196886.55,0.0,0.0,196886.55,196886.55,7525.252104,684273.5913,63038.20422
NURSE MANAGER,French Southern Territories,1,43,171236.02,0.0,29110.14,200346.16,200346.16,7631.687821,152883.3519,29092.1311
NURSING SUPERVISOR,Maldives,0,51,129148.5,0.0,64687.4,193835.9,193835.9,12124.82386,187821.0958,46935.72774
SUPERVISING PHYSICIAN SPECIALIST,Montenegro,0,32,191287.06,0.0,0.0,191287.06,191287.06,8133.45931,129635.6343,22599.45863
CAPTAIN III (POLICE DEPARTMENT),"Virgin Islands, United States",1,33,188341.6,2258.63,12252.44,202852.67,202852.67,4295.225339,539365.9366,27625.44144
POLICE OFFICER III,Seychelles,0,52,112421.46,16452.52,64972.13,193846.11,193846.11,11521.6189,475263.2759,42793.9932
"LIEUTENANT, FIRE DEPARTMENT",Mauritania,1,39,123105.0,56654.78,22564.64,202324.42,202324.42,17462.07506,734443.6969,42990.29255
SUPERVISING PHYSICIAN SPECIALIST,"Korea, South",1,53,192379.6,0.0,0.0,192379.6,192379.6,7925.059589,545125.9592,60567.18837
CAPTAIN III (POLICE DEPARTMENT),Iraq,1,54,188341.6,0.0,10542.72,198884.32,198884.32,9822.426192,552454.0263,52116.90791
"ADMINISTRATOR, SFGH MEDICAL CENTER",Suriname,1,50,245124.44,0.0,12000.0,257124.44,257124.44,7405.534271,430624.8142,38978.67458
CHIEF ATTORNEY I (CIVIL & CRIMINAL),Madagascar,0,51,206752.0,0.0,0.0,206752.0,206752.0,5969.666602,232607.3907,49721.31082
CONFIDENTIAL CHIEF ATTORNEY II (CIVIL & CRIMINAL),Guadeloupe,1,43,213907.72,0.0,1080.96,214988.68,214988.68,6062.60136,510039.1484,32700.27871
DEPUTY SHERIFF,Guinea,1,43,86840.0,94362.36,11849.25,193051.61,193051.61,15458.68867,600685.1915,49065.1634
POLICE OFFICER III,Israel,1,46,112441.8,17715.27,71120.05,201277.12,201277.12,7903.33495,418764.5061,52313.98392
SUPERVISING PHYSICIAN SPECIALIST,Slovakia,0,44,188592.6,0.0,0.0,188592.6,188592.6,6885.723977,265717.2542,39135.03023
TRANSIT SUPERVISOR,Grenada,0,44,89930.37,104568.19,3312.11,197810.67,197810.67,3932.838165,353929.5495,41575.34739
ANESTHETIST,Cape Verde,1,42,214745.44,9161.31,14972.45,238879.2,238879.2,9976.434857,286062.5162,32737.80177
POLICE OFFICER III,Vanuatu,1,55,63811.18,57966.33,98578.97,220356.48,220356.48,12887.54899,416540.299,58840.53964
"INSPECTOR, BUREAU OF FIRE PREVENTION AND PUBLIC SA",Suriname,1,32,138878.82,31843.34,59427.12,230149.28,230149.28,14261.80773,579181.6552,12895.71468
"INSPECTOR III, (POLICE DEPARTMENT)",Niue,0,62,130457.8,2881.68,55339.68,188679.16,188679.16,5761.401538,622569.5959,50539.90169
"BATTALION CHIEF, (FIRE DEPARTMENT)",Syria,1,47,92492.01,89062.9,134426.14,315981.05,315981.05,5958.460188,326373.1812,28925.70549
"LIEUTENANT, BUREAU OF FIRE PREVENTION AND PUBLIC S",Grenada,1,51,158603.62,0.0,34724.71,193328.33,193328.33,10359.17579,253181.9789,47984.12043
DEPUTY DIRECTOR IV,Somalia,0,33,180612.83,0.0,13566.18,194179.01,194179.01,8203.56263,537572.1338,32291.18978
SERGEANT III (POLICE DEPARTMENT),United States Minor Outlying Islands,0,53,130481.52,25861.6,38477.41,194820.53,194820.53,8527.034281,454791.7251,39422.79389
"COMMANDER III, (POLICE DEPARTMENT)",Djibouti,0,34,198778.0,0.0,12818.24,211596.24,211596.24,7594.363993,543789.7212,39433.40631
FIREFIGHTER,Bolivia,1,45,105934.64,89485.44,18117.8,213537.88,213537.88,13686.96935,85520.85055,27810.21814
MANAGER VIII,Yemen,0,51,200385.64,0.0,8000.0,208385.64,208385.64,12413.0319,546630.5284,64545.16339
DEPUTY DIRECTOR IV,Kyrgyzstan,1,41,188218.38,0.0,3337.83,191556.21,191556.21,11715.3714,416748.7309,41679.7929
"BATTALION CHIEF, (FIRE DEPARTMENT)",Cocos (Keeling) Islands,0,57,63878.03,24586.55,119351.05,207815.63,207815.63,9810.75269,350157.8394,54387.27727
FIREFIGHTER,Poland,0,43,105934.65,64386.13,17743.1,188063.88,188063.88,6478.156506,201636.866,27303.17104
"ASSISTANT CHIEF OF DEPARTMENT, (FIRE DEPARTMENT)",Sint Maarten,1,50,194999.39,71344.88,33149.9,299494.17,299494.17,8270.707359,612738.6171,59045.51309
SUPERVISING PHYSICIAN SPECIALIST,Antarctica,0,57,192379.6,0.0,0.0,192379.6,192379.6,7009.186038,173272.8954,47715.96049
TRANSIT SUPERVISOR,Tuvalu,0,37,88400.7,126778.88,7228.67,222408.25,222408.25,14562.64194,537744.1324,31540.77868
"LIEUTENANT, FIRE DEPARTMENT",Sint Maarten,1,44,122272.69,90593.53,18238.75,231104.97,231104.97,9522.576495,523251.2663,41456.68097
LIEUTENANT III (POLICE DEPARTMENT),Ethiopia,0,51,132202.26,52648.92,67083.83,251935.01,251935.01,8838.759509,213040.9606,35928.52404
"CAPTAIN, FIRE SUPPRESSION",Mozambique,0,48,140546.89,31841.33,23479.99,195868.21,195868.21,7880.423663,244188.0008,42866.21274
FIREFIGHTER,Guinea,1,44,105934.65,89773.95,14007.96,209716.56,209716.56,13167.65763,473101.0273,35438.80549
SERGEANT III (POLICE DEPARTMENT),Grenada,0,37,130481.54,35508.55,20947.8,186937.89,186937.89,5933.177726,517110.9454,28164.86039
CAPTAIN III (POLICE DEPARTMENT),Mauritania,1,41,195975.32,0.0,917.32,196892.64,196892.64,3331.304747,392177.789,38148.00163
"INSPECTOR III, (POLICE DEPARTMENT)",Armenia,0,32,130476.4,40102.94,16067.38,186646.72,186646.72,11164.52652,301245.7708,35139.24793
FIREFIGHTER,Kyrgyzstan,1,50,105934.67,82170.36,18597.33,206702.36,206702.36,9465.090098,629764.2743,49220.0218
NURSE MANAGER,Ethiopia,0,47,171071.36,7606.83,18210.2,196888.39,196888.39,10881.90102,587858.6295,42747.53925
SHERIFF'S SERGEANT,Colombia,1,40,106106.0,69382.3,14442.42,189930.72,189930.72,1768.874438,630120.001,30736.5798
NURSING SUPERVISOR,Pakistan,1,39,183040.0,0.0,31116.8,214156.8,214156.8,12296.34158,510811.3695,38504.39444
FIREFIGHTER,Tunisia,1,48,104818.76,74925.98,11868.5,191613.24,191613.24,10175.74457,466128.9118,43641.65727
FIREFIGHTER,Bahrain,0,61,105934.69,90329.62,17596.3,213860.61,213860.61,12758.89583,581497.8874,47935.9394
FIRE FIGHTER PARAMEDIC,Micronesia,1,44,122404.97,50649.77,15277.8,188332.54,188332.54,9911.037592,478428.7174,42909.27129
DEPUTY DIRECTOR V,Guatemala,0,42,185724.5,0.0,12000.0,197724.5,197724.5,6619.929677,630411.2698,46412.47781
NURSING SUPERVISOR,Ecuador,0,47,188889.44,0.0,28921.31,217810.75,217810.75,7248.54142,588570.8903,51402.61506
CAPTAIN III (POLICE DEPARTMENT),Micronesia,1,49,188341.62,0.0,4586.66,192928.28,192928.28,9848.997857,480468.247,52889.56257
ANESTHETIST,Bolivia,0,46,208925.6,5539.3,12615.6,227080.5,227080.5,13872.5667,479586.9387,61593.52058
FIREFIGHTER,South Africa,1,44,105934.63,96611.56,12306.26,214852.45,214852.45,4397.947571,262959.2506,36645.5609
CAPTAIN III (POLICE DEPARTMENT),Bahrain,1,45,188341.64,1109.1,12252.7,201703.44,201703.44,632.0528524,455589.7973,44434.98419
NURSE MANAGER,Egypt,1,44,161044.0,0.0,27377.5,188421.5,188421.5,7135.98755,487564.5541,42705.11311
"BATTALION CHIEF, (FIRE DEPARTMENT)",Laos,1,43,168692.67,35402.71,22261.95,226357.33,226357.33,8870.714301,165866.2,39503.38829
DEPUTY DIRECTOR IV,Saint Vincent and The Grenadines,1,36,190617.54,0.0,0.0,190617.54,190617.54,4981.269146,283241.2769,19525.29827
FIRE FIGHTER PARAMEDIC,Mayotte,1,53,122594.0,79721.87,15646.15,217962.02,217962.02,4820.839445,692401.4668,59416.18101
ANESTHETIST,Wallis and Futuna,1,56,189853.68,7060.31,10941.53,207855.52,207855.52,11431.22966,613242.1668,58045.56257
"CAPTAIN, FIRE SUPPRESSION",Samoa,1,41,127203.0,53146.41,25508.48,205857.89,205857.89,11544.93385,275389.0701,40660.38317
"LIEUTENANT, BUREAU OF FIRE PREVENTION AND PUBLIC S",China,1,65,158603.6,3242.47,39271.71,201117.78,201117.78,5025.365518,284991.7415,60763.24731
ELECTRONIC MAINTENANCE TECHNICIAN,Bosnia and Herzegovina,1,50,99000.0,85978.1,11408.55,196386.65,196386.65,6052.844775,579220.0393,40022.17406
CHIEF ATTORNEY I (CIVIL & CRIMINAL),Brazil,0,27,196886.55,0.0,0.0,196886.55,196886.55,10888.93494,606851.1696,29670.83337
LIEUTENANT III (POLICE DEPARTMENT),United Kingdom (Great Britain),0,55,153932.54,21953.42,18028.73,193914.69,193914.69,6515.336778,228434.0508,44424.07681
ELECTRICAL TRANSIT SYSTEM MECHANIC,Madagascar,0,50,77580.4,106701.58,7859.19,192141.17,192141.17,10340.30041,128387.9293,35848.82935
MANAGER VIII,Australia,1,35,181522.51,0.0,10000.0,191522.51,191522.51,9913.194941,291897.4057,30757.65726
CAPTAIN III (POLICE DEPARTMENT),Sierra Leone,1,53,188341.62,2886.03,6646.21,197873.86,197873.86,11498.03993,679435.1745,57461.51158
CAPTAIN III (POLICE DEPARTMENT),Liechtenstein,0,51,185369.68,27321.83,4651.44,217342.95,217342.95,2620.079459,407733.5229,47143.44008
POLICE OFFICER III,El Salvador,0,32,112441.79,15338.11,68766.28,196546.18,196546.18,8253.583457,625484.0917,44463.30502
ASSISTANT DEPUTY CHIEF II,United States,1,38,109667.03,13707.84,79648.18,203023.05,203023.05,13501.92659,761935.5177,56457.74038
FIREFIGHTER,Bolivia,1,30,118167.0,51007.74,20541.0,189715.74,189715.74,1726.809885,552267.6361,38174.87433
MANAGER VIII,Saint Kitts and Nevis,0,60,203450.0,0.0,0.0,203450.0,203450.0,10756.60888,112127.2567,41673.44617
"LIEUTENANT, FIRE DEPARTMENT",Iraq,0,40,123105.0,77259.53,16054.2,216418.73,216418.73,13860.43821,567357.0264,44001.20706
NURSING SUPERVISOR,Belarus,0,55,163644.0,0.0,25965.05,189609.05,189609.05,7122.163863,762601.0836,62028.71192
"INSPECTOR III, (POLICE DEPARTMENT)","Bonaire, Sint Eustatius and Saba",0,48,130466.59,44651.56,22315.92,197434.07,197434.07,13701.79986,819002.1748,70878.29664
FIRE FIGHTER PARAMEDIC,Congo (Brazzaville),1,20,122404.98,50720.85,15277.83,188403.66,188403.66,100.0,494606.6334,28645.39425
"COMMANDER III, (POLICE DEPARTMENT)",Portugal,0,32,182135.01,9688.59,841.15,192664.75,192664.75,8511.835275,528087.5277,36367.18452
NURSING SUPERVISOR,Guam,1,59,190243.46,0.0,7105.58,197349.04,197349.04,7949.463649,239217.6732,53848.7555
FIREFIGHTER,Latvia,1,63,104073.4,73036.51,16725.49,193835.4,193835.4,8765.624109,408679.8596,58667.06865
FIREFIGHTER,Samoa,1,49,105934.65,68438.92,22759.89,197133.46,197133.46,13851.11162,266765.477,46937.17422
CAPTAIN III (POLICE DEPARTMENT),Guadeloupe,0,55,188341.6,1109.1,1954.26,191404.96,191404.96,3093.707686,724025.4097,65592.22012
"LIEUTENANT, FIRE DEPARTMENT",Samoa,1,39,113021.59,58660.17,23043.77,194725.53,194725.53,5397.031602,322891.7787,23517.91983
DEPUTY DIRECTOR II - MUNICIPAL TRANSPORTATION AG,United Arab Emirates,0,44,220115.22,0.0,237.0,220352.22,220352.22,1696.989764,562605.0655,57306.32866
CITY ATTORNEY,"Virgin Islands, British",1,34,208243.12,0.0,0.0,208243.12,208243.12,9837.222432,340663.3261,30719.8156
FIREFIGHTER,Guinea-Bissau,1,54,105934.63,72451.83,17837.79,196224.25,196224.25,9246.813159,556014.9704,49442.12107
FIREFIGHTER,Bangladesh,1,46,103372.26,78258.7,7409.15,189040.11,189040.11,8282.075073,205439.3663,35475.00344
"CAPTAIN, FIRE SUPPRESSION",Malaysia,0,43,77301.9,6342.63,102724.32,186368.85,186368.85,893.2353408,347177.8367,32553.53423
SERGEANT III (POLICE DEPARTMENT),Madagascar,1,29,130466.65,26074.89,29954.29,186495.83,186495.83,10769.75059,276466.6203,21471.11367
"LIEUTENANT, FIRE DEPARTMENT",Kuwait,1,38,123105.02,51115.99,15365.22,189586.23,189586.23,7515.152476,297964.2638,40095.0498
"LIEUTENANT, FIRE DEPARTMENT",Israel,1,53,123105.0,63856.44,15365.21,202326.65,202326.65,9536.899689,545946.9996,58235.41454
"LIEUTENANT, FIRE DEPARTMENT",Liechtenstein,0,47,123105.0,58270.63,14738.61,196114.24,196114.24,14309.21115,364858.7148,35716.31133
FIRE FIGHTER PARAMEDIC,Macao,0,47,116603.33,78532.26,14753.88,209889.47,209889.47,7146.192574,445745.5544,42484.02283
FORENSIC TOXICOLOGIST,Monaco,0,49,182368.79,0.0,32949.41,215318.2,215318.2,9851.578109,580950.3967,47693.23482
"CAPTAIN, BUREAU OF FIRE PREVENTION AND PUBLIC SAFE",Faroe Islands,0,42,187237.53,743.34,18723.76,206704.63,206704.63,15467.78745,587010.5521,31696.99679
SERGEANT I (POLICE DEPARTMENT),Poland,1,43,123214.31,4729.13,72242.52,200185.96,200185.96,6130.305181,426488.7459,41327.16554
FIRE FIGHTER PARAMEDIC,Puerto Rico,1,46,139580.96,33418.92,29333.37,202333.25,202333.25,16127.56619,494985.5363,46054.60253
SHERIFF'S LIEUTENANT,Falkland Islands,1,57,121628.34,89920.21,8383.77,219932.32,219932.32,13258.46631,659279.2011,67120.89878
"CAPTAIN, FIRE SUPPRESSION",Macedonia,1,34,140546.88,52095.06,25564.1,218206.04,218206.04,8493.098575,411070.4828,42213.69644
FIREFIGHTER,Dominican Republic,1,51,105934.65,71837.3,16158.29,193930.24,193930.24,13224.45167,192514.6431,41427.59797
POLICE OFFICER I,French Polynesia,1,42,63625.16,41441.44,97799.84,202866.44,202866.44,10835.25736,620522.3842,45509.69732
SERGEANT III (POLICE DEPARTMENT),Portugal,0,43,130457.9,11305.4,49075.6,190838.9,190838.9,8033.550461,344060.1754,38138.57511
POLICE OFFICER III,Tuvalu,0,37,89873.18,29069.09,72405.76,191348.03,191348.03,10462.35581,388284.2974,37871.7082
"BATTALION CHIEF, (FIRE DEPARTMENT)",Saint Kitts and Nevis,0,49,168692.63,22432.91,25855.73,216981.27,216981.27,6206.922109,53366.13861,37252.55194
LIEUTENANT III (POLICE DEPARTMENT),South Africa,1,53,149044.41,35620.45,13162.31,197827.17,197827.17,4975.144559,793986.6155,50441.62427
DEPARTMENT HEAD III,Antarctica,1,44,190248.76,0.0,0.0,190248.76,190248.76,12087.38116,472403.1231,46402.53583
NURSING SUPERVISOR,Nepal,1,50,188708.0,0.0,32080.36,220788.36,220788.36,7335.524826,386057.421,34642.6024
CAPTAIN III (POLICE DEPARTMENT),Guinea,1,48,188328.08,0.0,4586.42,192914.5,192914.5,13148.85597,387538.2487,60960.83428
FIREFIGHTER,Equatorial Guinea,0,51,105934.64,69602.62,19832.9,195370.16,195370.16,11554.2723,542777.4892,53496.48183
LIEUTENANT III (POLICE DEPARTMENT),Guinea,0,37,149044.93,4836.87,61531.43,215413.23,215413.23,14871.36126,502946.8819,40077.57289
NURSING SUPERVISOR,Mali,0,47,187982.18,0.0,0.0,187982.18,187982.18,4658.41454,507572.635,45271.46081
NURSING SUPERVISOR PSYCHIATRIC,Nauru,1,61,196081.86,0.0,54040.18,250122.04,250122.04,14245.53319,497950.2933,68678.4352
"LIEUTENANT, FIRE DEPARTMENT",Malawi,0,40,137399.95,33554.54,16643.23,187597.72,187597.72,9725.549901,508528.9957,29556.7932
CAPTAIN III (POLICE DEPARTMENT),Marshall Islands,0,43,185369.69,37873.61,14465.53,237708.83,237708.83,6841.540577,662176.4851,52954.93121
"LIEUTENANT, FIRE DEPARTMENT",Canada,1,41,123105.02,67514.41,7386.3,198005.73,198005.73,5841.612044,136346.3069,29417.64694
FIRE FIGHTER PARAMEDIC,Jersey,1,40,122404.98,92767.41,15371.07,230543.46,230543.46,9719.192898,245664.3652,19553.2739
LIEUTENANT III (POLICE DEPARTMENT),Italy,0,48,149044.63,46800.24,5506.27,201351.14,201351.14,9653.26498,333543.693,56499.10202
NURSING SUPERVISOR PSYCHIATRIC,Bolivia,0,51,177528.0,0.0,30179.76,207707.76,207707.76,5205.008323,520997.2385,39522.13129
SUPERVISING PHYSICIAN SPECIALIST,Syria,1,41,192379.6,0.0,0.0,192379.6,192379.6,10342.60917,447393.4883,36125.48846
DEPUTY DIRECTOR II - MUNICIPAL TRANSPORTATION AG,Zimbabwe,0,56,210821.61,0.0,0.0,210821.61,210821.61,10992.33383,363561.1972,37714.31659
EXECUTIVE CONTRACT EMPLOYEE,Nicaragua,0,44,294580.02,0.0,0.0,294580.02,294580.02,10218.32092,430907.1673,28700.0334
ELECTRONIC MAINTENANCE TECHNICIAN,Cambodia,0,51,101953.2,139102.95,16483.94,257540.09,257540.09,12252.73058,612242.7755,51612.14311
DEPUTY CHIEF III (POLICE DEPARTMENT),Denmark,1,46,261717.6,0.0,2357.0,264074.6,264074.6,17452.92179,188032.0778,58350.31809
"LIEUTENANT, FIRE DEPARTMENT",Thailand,1,42,123105.02,67899.46,18300.05,209304.53,209304.53,12557.08133,362707.0273,41026.02421
SERGEANT III (POLICE DEPARTMENT),Equatorial Guinea,0,51,130481.53,2433.29,82029.92,214944.74,214944.74,12860.65824,260269.0963,44418.60955
"CHIEF PROBATION OFFICER, JUVENILE COURT",Equatorial Guinea,0,48,191319.45,0.0,0.0,191319.45,191319.45,12967.284,343290.677,42919.5196
FIREFIGHTER,Western Sahara,0,41,105934.66,71373.32,16994.89,194302.87,194302.87,5404.397644,515717.7476,59096.26978
FIREFIGHTER,Andorra,1,36,105934.66,76867.18,20458.49,203260.33,203260.33,20000.0,335809.6171,37303.56701
MANAGER VIII,Central African Republic,1,47,215180.76,0.0,12000.0,227180.76,227180.76,11030.2654,391848.6041,40004.87142
DEPARTMENT HEAD V,Samoa,0,56,246305.62,0.0,0.0,246305.62,246305.62,12378.54089,779925.7892,63738.39065
CAPTAIN III (POLICE DEPARTMENT),Laos,0,48,188341.62,1068.45,12211.62,201621.69,201621.69,8233.280719,492113.0067,46325.50959
"INSPECTOR III, (POLICE DEPARTMENT)",France,0,62,130505.19,33859.27,22045.83,186410.29,186410.29,16978.52745,360787.6401,56510.13294
"LIEUTENANT, FIRE DEPARTMENT",Uruguay,0,50,127203.03,47341.24,17982.25,192526.52,192526.52,11894.4244,290608.3977,50296.67496
FIRE FIGHTER PARAMEDIC,Heard Island and Mcdonald Islands,1,38,122405.0,68861.18,17071.3,208337.48,208337.48,10221.15388,427011.4954,29052.09521
"BATTALION CHIEF, (FIRE DEPARTMENT)",Bhutan,1,46,168692.63,59760.9,21954.96,250408.49,250408.49,12491.01273,410655.9947,41567.47033
MANAGER VIII,Botswana,1,59,185724.5,0.0,0.0,185724.5,185724.5,14013.03451,337826.6382,45442.15353
"BATTALION CHIEF, (FIRE DEPARTMENT)",Slovakia,0,40,150355.43,9841.56,29403.44,189600.43,189600.43,9258.181529,482866.5457,48465.27211
SERGEANT III (POLICE DEPARTMENT),Algeria,1,37,130434.23,4461.66,70568.42,205464.31,205464.31,16305.78907,619707.4203,45805.30588
PUBLIC DEFENDER,Papua New Guinea,0,42,198027.44,0.0,0.0,198027.44,198027.44,6932.950306,371355.6935,32828.03477
FIREFIGHTER,Philippines,0,45,105934.65,76726.73,17713.43,200374.81,200374.81,15436.79968,308445.8598,43401.56612
DEPUTY DIRECTOR IV,Senegal,1,43,190108.91,0.0,0.0,190108.91,190108.91,12878.54582,376886.359,37376.63439
"DEPUTY CHIEF OF DEPARTMENT,(FIRE DEPARTMENT)",Brazil,1,57,134401.6,9737.0,182234.59,326373.19,326373.19,5358.712177,560304.0671,55915.46248
SENIOR PHYSICIAN SPECIALIST,Jamaica,1,38,169197.16,0.0,31139.57,200336.73,200336.73,5614.004976,573441.9724,48349.16457
CHIEF ADULT PROBATION OFFICER,Cape Verde,1,52,188288.1,0.0,0.0,188288.1,188288.1,10279.91264,314885.1345,49248.10595
"BATTALION CHIEF, (FIRE DEPARTMENT)",Namibia,1,53,168692.65,33656.87,21502.83,223852.35,223852.35,5189.083564,706977.053,57441.44414
FIRE FIGHTER PARAMEDIC,Saint Pierre and Miquelon,1,39,122418.3,64862.06,15443.68,202724.04,202724.04,9624.908869,565814.725,46389.50237
DEPUTY DIRECTOR V,Angola,0,44,186021.06,0.0,3140.95,189162.01,189162.01,8042.386734,601744.9607,45593.6849
FIREFIGHTER,Guam,1,47,105934.65,82384.96,15962.27,204281.88,204281.88,10743.793,196421.7402,44577.44829
SERGEANT III (POLICE DEPARTMENT),Bahamas,1,47,130457.88,47342.41,31413.52,209213.81,209213.81,11505.89906,255922.473,27889.95197
FIRE FIGHTER PARAMEDIC,Egypt,0,49,122404.98,86719.38,15315.61,224439.97,224439.97,5831.118245,515084.1891,52474.71839
SUPERVISING PHYSICIAN SPECIALIST,Croatia,1,45,192379.6,0.0,4891.0,197270.6,197270.6,9691.23462,221290.9818,39904.81613
"LIEUTENANT, FIRE DEPARTMENT",Cocos (Keeling) Islands,0,39,122820.36,66083.91,15329.64,204233.91,204233.91,8737.20319,478853.3217,47805.25605
CAPTAIN III (POLICE DEPARTMENT),Laos,0,42,102571.24,7437.0,128543.64,238551.88,238551.88,4225.328117,476088.3996,47483.85316
DEPARTMENT HEAD V,Argentina,0,51,248895.77,0.0,0.0,248895.77,248895.77,2230.096344,158979.7102,37843.46619
DEPARTMENT HEAD V,Saint Pierre and Miquelon,1,51,248895.7,0.0,10789.18,259684.88,259684.88,8092.475103,655934.4666,66363.89316
"LIEUTENANT, FIRE DEPARTMENT",Guatemala,0,32,123105.02,64525.66,11909.38,199540.06,199540.06,11398.82486,572037.8859,37947.85125
"BATTALION CHIEF, (FIRE DEPARTMENT)",Mayotte,0,48,168713.21,12663.63,13913.92,195290.76,195290.76,11312.51035,642335.1021,43503.97349
FIREFIGHTER,Israel,1,44,105934.66,85454.77,14971.71,206361.14,206361.14,8920.385015,347017.8331,36086.93161
FIRE FIGHTER PARAMEDIC,Viet Nam,1,56,122404.97,50976.69,14966.3,188347.96,188347.96,14438.24233,622831.922,66648.25077
"BATTALION CHIEF, (FIRE DEPARTMENT)",Namibia,0,56,168692.59,80706.88,16063.99,265463.46,265463.46,14270.00731,341691.9337,49091.97185
"CAPTAIN, EMERGENCYCY MEDICAL SERVICES",Tokelau,1,37,140546.88,31454.05,17542.3,189543.23,189543.23,9057.600508,461366.7829,31408.62631
DEPARTMENT HEAD IV,Greenland,1,51,202426.74,0.0,0.0,202426.74,202426.74,5011.615145,563498.6636,52654.40455
"CAPTAIN, FIRE SUPPRESSION",Kyrgyzstan,0,51,140441.9,41438.62,18050.61,199931.13,199931.13,13658.34201,286849.7875,51405.55229
"LIEUTENANT, FIRE DEPARTMENT",Turkmenistan,0,41,128569.01,49853.04,19031.08,197453.13,197453.13,3066.939924,491904.1899,47610.11718
MANAGER VIII,Uganda,0,40,207501.2,0.0,2903.37,210404.57,210404.57,13122.45694,411045.8332,43855.06077
CAPTAIN III (POLICE DEPARTMENT),Hungary,0,41,188341.63,0.0,915.59,189257.22,189257.22,7221.667169,365871.4992,47719.47741
CONFIDENTIAL CHIEF ATTORNEY II (CIVIL & CRIMINAL),Martinique,1,45,213907.72,0.0,1080.96,214988.68,214988.68,12348.67783,293999.9427,33428.40183
"CAPTAIN, EMERGENCYCY MEDICAL SERVICES",Iceland,0,55,140546.86,80411.9,17542.29,238501.05,238501.05,9842.842611,242495.9886,49730.53339
"LIEUTENANT, FIRE DEPARTMENT",Lebanon,0,48,123416.25,66447.73,25491.13,215355.11,215355.11,14720.53399,701782.528,48622.66097
"CAPTAIN, FIRE SUPPRESSION",Laos,1,51,140546.85,58354.29,17823.03,216724.17,216724.17,8458.749819,167031.5554,52665.36511
POLICE OFFICER III,"Saint Helena, Ascension and Tristan da Cunha",0,56,112421.41,9252.03,64937.87,186611.31,186611.31,4362.720324,432850.4157,48383.69071
"BATTALION CHIEF, (FIRE DEPARTMENT)",Armenia,0,47,176932.64,86362.68,40132.23,303427.55,303427.55,3440.823799,630059.0274,48013.6141
SERGEANT III (POLICE DEPARTMENT),Tanzania,0,42,135339.78,16309.92,43704.98,195354.68,195354.68,10394.57246,398011.5804,36543.93642
MAINTENANCE MACHINIST,Jamaica,1,54,75870.3,103370.89,8216.57,187457.76,187457.76,8110.946984,177878.1758,51046.42226
LIEUTENANT III (POLICE DEPARTMENT),Viet Nam,0,53,148970.43,66977.63,21889.67,237837.73,237837.73,9046.182396,456634.2073,42297.5062
FIREFIGHTER,Mayotte,0,51,105934.65,73178.82,17569.48,196682.95,196682.95,1065.607589,577272.6805,63248.76188
"BATTALION CHIEF, (FIRE DEPARTMENT)",United Arab Emirates,0,55,174872.64,74050.3,37424.11,286347.05,286347.05,10597.63814,146344.8965,49510.03356
SERGEANT III (POLICE DEPARTMENT),Lithuania,0,51,82235.56,43352.6,86590.93,212179.09,212179.09,5316.010491,216355.3406,26499.31418
"BATTALION CHIEF, (FIRE DEPARTMENT)",Turkey,0,42,168692.66,60847.56,21055.17,250595.39,250595.39,9183.327621,513340.0097,45805.67186
FIREFIGHTER,United States,1,44,105934.68,64725.94,21761.55,192422.17,192422.17,4421.153379,558001.0241,37259.84386
SENIOR PHYSICIAN SPECIALIST,India,0,43,142248.5,0.0,44767.25,187015.75,187015.75,8120.204455,515012.2804,47979.48549
FIREFIGHTER,Iceland,1,36,105934.7,67188.81,17685.42,190808.93,190808.93,10188.68685,141587.6498,30419.8
TRANSIT SUPERVISOR,French Polynesia,1,45,89078.11,114105.85,773.7,203957.66,203957.66,8728.916803,279393.491,44846.68557
FIREFIGHTER,Tonga,0,48,105934.66,70730.5,21611.32,198276.48,198276.48,8774.069514,210573.7042,41034.28343
DEPUTY DIRECTOR IV,Niger,1,45,188842.42,0.0,0.0,188842.42,188842.42,9064.618618,508555.1592,55420.56668
MANAGER VIII,Grenada,0,41,189061.08,0.0,0.0,189061.08,189061.08,10836.41709,258194.8443,32061.6467
SUPERVISING PHYSICIAN SPECIALIST,Falkland Islands,1,35,192379.6,0.0,2484.0,194863.6,194863.6,8851.564939,385250.7163,30826.10903
NURSING SUPERVISOR,Viet Nam,1,70,172916.55,0.0,29240.55,202157.1,202157.1,6810.555606,252220.2937,47009.57741
FIRE FIGHTER PARAMEDIC,Congo (Brazzaville),0,52,124894.0,65886.39,14410.33,205190.72,205190.72,8491.586154,571564.7901,54850.38742
"CAPTAIN, FIRE SUPPRESSION",Ghana,0,55,176371.35,7654.0,20392.43,204417.78,204417.78,11207.01556,465709.8937,43405.89086
FIREFIGHTER,Puerto Rico,1,40,113695.71,69419.29,14017.12,197132.12,197132.12,12186.02793,159727.8753,28440.81268
"LIEUTENANT, FIRE DEPARTMENT",Luxembourg,1,43,137026.86,33397.36,17246.59,187670.81,187670.81,9119.791422,400703.2655,45824.5656
ANESTHETIST,Bangladesh,0,33,187094.56,2341.63,11051.55,200487.74,200487.74,12024.48457,133226.0617,24184.07443
"DIRECTOR, EMPLOYEE RELATIONS DIVISION",Mauritania,0,42,186341.79,0.0,0.0,186341.79,186341.79,594.8049491,497197.264,41984.62412
"INSPECTOR III, (POLICE DEPARTMENT)",Indonesia,1,37,130466.6,28591.77,27311.59,186369.96,186369.96,8611.468093,522814.817,41489.64123
CAPTAIN III (POLICE DEPARTMENT),Isle of Man,1,63,194566.01,1109.1,819.03,196494.14,196494.14,10515.28135,474485.6659,67092.23276
SUPERVISING PHYSICIAN SPECIALIST,American Samoa,0,42,189350.0,0.0,4567.0,193917.0,193917.0,15283.41752,320834.0102,24221.99937
SENIOR PHYSICIAN SPECIALIST,Kiribati,0,55,173453.3,0.0,26017.99,199471.29,199471.29,9644.41026,779143.6005,66888.93694
FIREFIGHTER,Uganda,0,52,105934.67,71960.12,28447.45,206342.24,206342.24,7793.073201,322150.3542,43264.04965
FIRE FIGHTER PARAMEDIC,Mauritius,1,48,122404.98,72836.43,15336.91,210578.32,210578.32,9851.689538,368344.0637,46453.34819
FIREFIGHTER,Mozambique,1,39,123013.02,111729.65,15575.26,250317.93,250317.93,10816.8855,299734.1278,27815.73813
FIREFIGHTER,Grenada,1,47,105934.65,86551.38,11374.31,203860.34,203860.34,14088.90642,383693.2041,46643.26581
LIEUTENANT III (POLICE DEPARTMENT),Turks and Caicos Islands,0,49,149044.41,35055.93,6941.82,191042.16,191042.16,11863.06428,298920.0067,43242.58224
SERGEANT III (POLICE DEPARTMENT),Malta,1,48,130434.29,47465.62,29377.94,207277.85,207277.85,9181.06743,335652.6234,56579.90338
"LIEUTENANT, FIRE DEPARTMENT",Maldives,0,44,123105.03,50298.75,22721.82,196125.6,196125.6,11033.16277,149761.1281,37084.77621
"CAPTAIN, FIRE SUPPRESSION",Belarus,0,42,140546.9,33196.91,26432.87,200176.68,200176.68,12024.72511,575500.7687,49336.11628
FIREFIGHTER,Venezuela,0,44,110474.93,83670.04,27043.61,221188.58,221188.58,6280.929547,296972.4085,45738.3343
"CAPTAIN, FIRE SUPPRESSION",Mongolia,1,37,140546.88,73207.61,28988.36,242742.85,242742.85,11216.88676,583523.0762,46381.13111
INCIDENT SUPPORT SPECIALIST,Honduras,0,40,61232.0,29440.91,101385.37,192058.28,192058.28,7840.293189,281690.8431,26599.90843
CAPTAIN III (POLICE DEPARTMENT),Belize,0,41,155966.02,245131.88,137811.38,538909.28,538909.28,9572.957136,530973.9078,45115.52566
NURSE MANAGER,Chile,0,33,161044.0,0.0,27437.04,188481.04,188481.04,13141.31969,284155.4155,24134.59205
FIREFIGHTER,Venezuela,1,53,105934.66,62854.45,17702.71,186491.82,186491.82,14297.25366,247421.9185,45015.67953
"LIEUTENANT, FIRE DEPARTMENT",Åland Islands,0,40,137729.92,89856.01,20848.46,248434.39,248434.39,7915.758178,527420.7269,48734.35708
"INSPECTOR III, (POLICE DEPARTMENT)",Isle of Man,1,43,130457.95,41304.21,17904.06,189666.22,189666.22,11602.74297,205006.2161,40589.8625
SENIOR PHYSICIAN SPECIALIST,Sierra Leone,1,33,172529.08,0.0,58776.96,231306.04,231306.04,6147.918843,441527.0144,38399.46139
MANAGER VIII,Bhutan,1,50,205609.58,0.0,0.0,205609.58,205609.58,11302.88277,490444.4111,48518.90163
"BATTALION CHIEF, (FIRE DEPARTMENT)",Senegal,0,46,177781.25,59924.97,20658.0,258364.22,258364.22,7988.753685,215673.5384,39810.34817
POLICE OFFICER III,Saint Pierre and Miquelon,1,54,112421.46,14978.42,72362.09,199761.97,199761.97,10128.76114,613372.8917,48300.02057
ELECTRICAL TRANSIT SYSTEM MECHANIC,Kyrgyzstan,0,38,76298.77,105953.61,6962.09,189214.47,189214.47,6512.71102,357468.1866,42905.53815
CAPTAIN III (POLICE DEPARTMENT),Belgium,1,43,188341.62,0.0,4609.75,192951.37,192951.37,7275.314728,432447.5324,37183.10293
CAPTAIN III (POLICE DEPARTMENT),Ghana,1,59,102722.4,7437.0,118456.21,228615.61,228615.61,9871.403591,536665.0464,51221.04249
"LIEUTENANT, BUREAU OF FIRE PREVENTION AND PUBLIC S",Morocco,1,42,145835.82,12062.79,36872.29,194770.9,194770.9,11397.68601,188327.5831,34678.83226
FIREFIGHTER,United States Minor Outlying Islands,1,42,105934.66,62776.35,17981.88,186692.89,186692.89,15149.03426,649323.7878,44500.81936
"CAPTAIN, FIRE SUPPRESSION",Vanuatu,0,46,140546.87,77937.25,26203.69,244687.81,244687.81,7813.602657,455609.1429,48266.75516
FIREFIGHTER,Morocco,1,39,105934.69,70312.13,17938.07,194184.89,194184.89,7557.657205,854283.5574,46398.35204
DEPUTY DIRECTOR IV,Turkmenistan,0,45,184386.79,0.0,15366.99,199753.78,199753.78,7787.204492,589669.6573,54013.47595
"CAPTAIN, FIRE SUPPRESSION",Norfolk Island,1,48,127886.02,57579.25,16112.43,201577.7,201577.7,9242.775995,586717.4715,46846.7305
DEPARTMENT HEAD V,"Palestine, State of",0,48,271329.03,0.0,21342.59,292671.62,292671.62,9466.995128,420322.0702,49258.87571
DEPUTY DIRECTOR V,Namibia,1,55,185724.5,0.0,10000.0,195724.5,195724.5,9874.075327,1000000.0,80000.0
TRANSIT SUPERVISOR,Indonesia,1,58,88062.0,135159.38,7018.6,230239.98,230239.98,4204.920492,388498.5102,50937.93844
"LIEUTENANT, FIRE DEPARTMENT",Bouvet Island,1,42,123105.0,60744.73,8255.82,192105.55,192105.55,7094.827,321431.279,42704.3221
TRANSIT SUPERVISOR,Andorra,0,50,88400.7,107913.65,2713.83,199028.18,199028.18,8501.49728,811594.0392,53502.97742
TRANSIT SUPERVISOR,Kuwait,1,36,90094.2,111323.49,8344.75,209762.44,209762.44,12071.41684,97706.89181,20653.21409
NURSE MANAGER,Niue,1,35,171236.0,0.0,24038.9,195274.9,195274.9,8828.164449,719846.9824,31146.71078
"CAPTAIN, FIRE SUPPRESSION",Latvia,0,55,129252.01,30839.74,26013.27,186105.02,186105.02,9831.184792,523680.7699,60117.67886
"BATTALION CHIEF, (FIRE DEPARTMENT)",Aruba,0,43,166203.84,28448.6,20744.06,215396.5,215396.5,9026.061543,362564.346,33131.52734
HUMAN RESOURCES DIRECTOR,Iraq,0,51,196377.99,0.0,0.0,196377.99,196377.99,8632.699007,472761.6208,56071.61377
TRANSIT SUPERVISOR,Saint Kitts and Nevis,0,51,90094.2,91198.76,5219.84,186512.8,186512.8,9141.668545,531840.3342,53049.44567
CAPTAIN III (POLICE DEPARTMENT),Algeria,1,47,188314.5,0.0,7310.63,195625.13,195625.13,8767.783547,787984.2882,58641.71051
NURSING SUPERVISOR PSYCHIATRIC,French Guiana,1,57,183040.0,0.0,18304.0,201344.0,201344.0,9399.342975,466988.2602,42773.75905
"CAPTAIN, EMERGENCYCY MEDICAL SERVICES",Sri Lanka,1,52,140546.89,82428.76,18310.77,241286.42,241286.42,1851.979839,353757.5057,31978.9799
NURSE MANAGER,South Georgia and The South Sandwich Islands,1,32,164711.0,0.0,28384.07,193095.07,193095.07,11518.29175,589180.4485,35726.95299
"BATTALION CHIEF, (FIRE DEPARTMENT)",Turks and Caicos Islands,1,41,168692.59,58084.86,20477.16,247254.61,247254.61,11023.00268,451846.1995,27187.23914
"LIEUTENANT, FIRE DEPARTMENT",Suriname,0,33,127203.01,41809.29,18749.8,187762.1,187762.1,10814.57915,485563.7363,48785.15839
ELECTRICAL TRANSIT SYSTEM MECHANIC,French Polynesia,0,38,77580.4,115239.98,16089.38,208909.76,208909.76,13962.95284,498441.5687,41104.07108
NURSE MANAGER,Canada,0,53,171236.09,0.0,17123.68,188359.77,188359.77,6392.211408,245216.1691,52150.41786
SENIOR PHYSICIAN SPECIALIST,Jordan,1,51,173937.49,0.0,33362.65,207300.14,207300.14,2418.86434,615672.4681,46380.44732
"LIEUTENANT, FIRE DEPARTMENT",Zimbabwe,1,38,123105.0,38790.92,23865.0,185760.92,185760.92,12301.45679,360419.0988,31491.41457
"LIEUTENANT, BUREAU OF FIRE PREVENTION AND PUBLIC S",Northern Mariana Islands,0,63,158603.6,2605.95,46493.65,207703.2,207703.2,9683.735879,251702.1158,42978.34626
"INSPECTOR III, (POLICE DEPARTMENT)",Bouvet Island,1,33,130481.56,45597.19,33307.68,209386.43,209386.43,13923.96207,315183.5688,38182.30465
INCIDENT SUPPORT SPECIALIST,Benin,1,50,115381.02,105028.94,19016.4,239426.36,239426.36,7592.019748,409419.5797,38147.81018
DEPUTY CHIEF III (POLICE DEPARTMENT),Taiwan,1,41,233867.6,0.0,14851.04,248718.64,248718.64,7094.896557,390312.1715,37883.24231
"CAPTAIN, FIRE SUPPRESSION",Turks and Caicos Islands,1,43,140546.88,20673.41,33033.7,194253.99,194253.99,14435.74305,411932.8191,35659.12237
FIREFIGHTER,Sao Tome and Principe,1,43,110638.66,65587.13,26005.7,202231.49,202231.49,14709.65824,568947.7487,50702.18103
CAPTAIN III (POLICE DEPARTMENT),Venezuela,1,43,188341.61,0.0,12119.4,200461.01,200461.01,7039.540023,610942.1408,49079.61942
ASSISTANT MEDICAL EXAMINER,Angola,0,48,257510.44,377.21,15883.56,273771.21,273771.21,10905.36628,307226.0977,43402.31525
SUPERVISING PHYSICIAN SPECIALIST,Mongolia,1,52,184805.62,0.0,11124.0,195929.62,195929.62,11932.73881,69821.6376,35781.16156
ELECTRONIC MAINTENANCE TECHNICIAN,Greenland,0,48,99014.4,73696.27,14943.44,187654.11,187654.11,2524.992105,399437.5235,35457.1486
TRANSIT SUPERVISOR,Martinique,1,57,88062.0,111199.78,11373.58,210635.36,210635.36,14938.50613,352507.9012,57125.41541
ELECTRICAL TRANSIT SYSTEM MECHANIC,Saint Vincent and The Grenadines,1,56,77580.41,113729.55,7308.25,198618.21,198618.21,14300.12614,202576.6196,48025.02542
SENIOR PHYSICIAN SPECIALIST,Namibia,0,42,176314.14,0.0,12096.0,188410.14,188410.14,13629.1104,297540.8814,38901.60925
NURSING SUPERVISOR PSYCHIATRIC,Mauritania,1,41,178526.48,0.0,28694.26,207220.74,207220.74,12026.57975,462613.8587,42774.35579
DEPUTY DIRECTOR IV,Bulgaria,1,63,192183.91,0.0,0.0,192183.91,192183.91,9611.317626,255285.4063,51922.07691
SHERIFF,Saint Barthélemy,1,47,197233.84,0.0,0.0,197233.84,197233.84,6988.652757,222341.0342,44736.41097
FIREFIGHTER,Mauritania,0,48,105934.69,61896.0,22238.32,190069.01,190069.01,16449.0665,116407.5289,33766.6413
SUPERVISING PHYSICIAN SPECIALIST,Kuwait,0,44,180356.1,0.0,13932.0,194288.1,194288.1,7765.975483,555993.1081,50188.86612
CAPTAIN III (POLICE DEPARTMENT),Thailand,1,40,188341.84,1134.34,10799.25,200275.43,200275.43,6887.248301,134188.4492,33261.00057
POLICE OFFICER III,Bhutan,0,37,112401.07,23572.29,60183.94,196157.3,196157.3,12710.00309,315058.7167,42497.72862
NURSING SUPERVISOR,Djibouti,1,37,183040.0,0.0,30619.46,213659.46,213659.46,15796.31838,375889.6381,38930.55234
"LIEUTENANT, BUREAU OF FIRE PREVENTION AND PUBLIC S",Slovenia,1,53,158603.68,0.0,57667.12,216270.8,216270.8,18361.24915,339207.2774,51551.67997
"BATTALION CHIEF, (FIRE DEPARTMENT)",Serbia,1,50,181502.08,0.0,31449.4,212951.48,212951.48,11347.62967,633383.4925,47604.34591
"LIEUTENANT, FIRE DEPARTMENT",Belize,1,37,123104.98,54870.85,15365.22,193341.05,193341.05,9384.067625,366327.7432,39083.94268
DEPUTY DIRECTOR II - MUNICIPAL TRANSPORTATION AG,Guam,0,43,224035.85,0.0,0.0,224035.85,224035.85,16767.2636,759479.4596,42187.6828
LIEUTENANT III (POLICE DEPARTMENT),Bermuda,1,35,78918.0,38068.59,75792.63,192779.22,192779.22,12664.32052,360457.0496,38545.80328
MANAGER VII,Macao,0,43,96814.36,0.0,133563.47,230377.83,230377.83,11041.17891,448601.9484,36019.9556
FIRE SAFETY INSPECTOR II,Bosnia and Herzegovina,1,48,126968.05,3115.45,57585.87,187669.37,187669.37,12203.48778,577058.1773,40102.11417
FIREFIGHTER,Czech Republic,0,48,105934.65,71448.55,17839.48,195222.68,195222.68,7514.393035,160487.0006,31083.70271
CAPTAIN III (POLICE DEPARTMENT),Armenia,1,36,188348.55,5720.22,10173.43,204242.2,204242.2,12998.47232,396793.4734,37744.54285
SENIOR PHYSICIAN SPECIALIST,Nigeria,0,55,155276.21,0.0,31931.61,187207.82,187207.82,10858.02526,218808.7553,28463.64326
ANESTHETIST,Liechtenstein,0,48,203658.55,4759.36,9561.44,217979.35,217979.35,12416.79083,408147.0405,41913.53713
DEPUTY DIRECTOR V,marlal,1,47,185724.5,0.0,0.0,185724.5,185724.5,9391.341628,462946.4924,45107.22566
ASSISTANT MEDICAL EXAMINER,Sudan,1,52,257510.48,0.0,16679.79,274190.27,274190.27,11878.03779,480588.2345,51130.95379
DEPARTMENT HEAD IV,Croatia,1,53,207699.73,0.0,0.0,207699.73,207699.73,5817.153854,623033.482,60865.76396
"BATTALION CHIEF, (FIRE DEPARTMENT)",Reunion,0,56,92782.61,5477.62,135684.25,233944.48,233944.48,5627.803654,411831.0371,49373.37555
"BATTALION CHIEF, (FIRE DEPARTMENT)",Togo,0,42,149362.86,35003.5,36682.96,221049.32,221049.32,12416.84845,450402.2932,34803.82395
FIREFIGHTER,Bolivia,0,35,105934.66,75817.75,17540.56,199292.97,199292.97,8570.611562,211168.6293,12536.93842
CAPTAIN III (POLICE DEPARTMENT),Marshall Islands,0,45,188341.62,1131.28,4586.65,194059.55,194059.55,3730.11972,608019.6308,49348.88394
"LIEUTENANT, FIRE DEPARTMENT",Malta,1,58,123105.01,50096.28,15549.0,188750.29,188750.29,8211.34092,421318.9764,42139.64528
FIREFIGHTER,Bhutan,1,30,105934.69,98534.35,18890.96,223360.0,223360.0,7357.787011,404457.3099,33640.73697
